date,state,district,pincode,demo_age_5_17,demo_age_17_
01-03-2025,Uttar Pradesh,Shahjahanpur,242306,71,951
01-03-2025,Uttar Pradesh,Shahjahanpur,242407,94,1600
01-03-2025,Uttar Pradesh,Shahjahanpur,242127,114,2405
01-09-2025,Uttar Pradesh,Shahjahanpur,242042,10,37
01-09-2025,Uttar Pradesh,Shahjahanpur,242220,6,20
01-09-2025,Uttar Pradesh,Shahjahanpur,242307,14,94
02-09-2025,Uttar Pradesh,Shahjahanpur,242303,11,52
02-09-2025,Uttar Pradesh,Shahjahanpur,242307,13,59
03-09-2025,Uttar Pradesh,Shahjahanpur,242127,33,92
03-09-2025,Uttar Pradesh,Shahjahanpur,242220,4,12
03-09-2025,Uttar Pradesh,Shahjahanpur,242221,61,157
03-09-2025,Uttar Pradesh,Shahjahanpur,242303,12,54
05-09-2025,Uttar Pradesh,Shahjahanpur,242042,11,49
05-09-2025,Uttar Pradesh,Shahjahanpur,242221,29,98
05-09-2025,Uttar Pradesh,Shahjahanpur,242305,6,15
05-09-2025,Uttar Pradesh,Shahjahanpur,242307,7,37
04-09-2025,Uttar Pradesh,Shahjahanpur,242220,4,18
07-09-2025,Uttar Pradesh,Shahjahanpur,242001,5,98
07-09-2025,Uttar Pradesh,Shahjahanpur,242127,9,28
07-09-2025,Uttar Pradesh,Shahjahanpur,242223,0,11
07-09-2025,Uttar Pradesh,Shahjahanpur,242305,4,8
06-09-2025,Uttar Pradesh,Shahjahanpur,242001,52,244
06-09-2025,Uttar Pradesh,Shahjahanpur,242307,9,76
08-09-2025,Uttar Pradesh,Shahjahanpur,242221,40,147
08-09-2025,Uttar Pradesh,Shahjahanpur,242226,0,3
08-09-2025,Uttar Pradesh,Shahjahanpur,242401,19,146
08-09-2025,Uttar Pradesh,Shahjahanpur,242407,14,50
09-09-2025,Uttar Pradesh,Shahjahanpur,242306,12,38
09-09-2025,Uttar Pradesh,Shahjahanpur,242401,24,139
10-09-2025,Uttar Pradesh,Shahjahanpur,242123,1,1
10-09-2025,Uttar Pradesh,Shahjahanpur,242223,3,22
10-09-2025,Uttar Pradesh,Shahjahanpur,242226,1,5
10-09-2025,Uttar Pradesh,Shahjahanpur,242301,16,73
10-09-2025,Uttar Pradesh,Shahjahanpur,242401,26,146
12-09-2025,Uttar Pradesh,Shahjahanpur,242001,43,334
12-09-2025,Uttar Pradesh,Shahjahanpur,242127,28,80
12-09-2025,Uttar Pradesh,Shahjahanpur,242306,10,49
13-09-2025,Uttar Pradesh,Shahjahanpur,242127,18,81
13-09-2025,Uttar Pradesh,Shahjahanpur,242226,0,1
14-09-2025,Uttar Pradesh,Shahjahanpur,242221,13,59
14-09-2025,Uttar Pradesh,Shahjahanpur,242223,1,5
14-09-2025,Uttar Pradesh,Shahjahanpur,242305,2,14
14-09-2025,Uttar Pradesh,Shahjahanpur,242307,3,39
15-09-2025,Uttar Pradesh,Shahjahanpur,242123,0,3
15-09-2025,Uttar Pradesh,Shahjahanpur,242127,24,76
15-09-2025,Uttar Pradesh,Shahjahanpur,242226,1,7
15-09-2025,Uttar Pradesh,Shahjahanpur,242305,4,43
15-09-2025,Uttar Pradesh,Shahjahanpur,242306,0,37
16-09-2025,Uttar Pradesh,Shahjahanpur,242223,3,27
17-09-2025,Uttar Pradesh,Shahjahanpur,242226,1,1
17-09-2025,Uttar Pradesh,Shahjahanpur,242401,9,106
19-09-2025,Uttar Pradesh,Shahjahanpur,242001,39,302
19-09-2025,Uttar Pradesh,Shahjahanpur,242405,5,39
18-09-2025,Uttar Pradesh,Shahjahanpur,242001,31,202
18-09-2025,Uttar Pradesh,Shahjahanpur,242220,1,13
18-09-2025,Uttar Pradesh,Shahjahanpur,242223,3,26
18-09-2025,Uttar Pradesh,Shahjahanpur,242226,1,1
18-09-2025,Uttar Pradesh,Shahjahanpur,242303,6,42
18-09-2025,Uttar Pradesh,Shahjahanpur,242306,3,23
20-09-2025,Uttar Pradesh,Shahjahanpur,242220,0,11
20-09-2025,Uttar Pradesh,Shahjahanpur,242301,4,53
13-10-2025,Uttar Pradesh,Shahjahanpur,242123,0,1
15-10-2025,Uttar Pradesh,Shahjahanpur,242221,12,98
15-10-2025,Uttar Pradesh,Shahjahanpur,242307,7,61
16-10-2025,Uttar Pradesh,Shahjahanpur,242221,18,105
16-10-2025,Uttar Pradesh,Shahjahanpur,242223,2,14
16-10-2025,Uttar Pradesh,Shahjahanpur,242226,1,3
16-10-2025,Uttar Pradesh,Shahjahanpur,242407,7,45
26-10-2025,Uttar Pradesh,Shahjahanpur,242220,9,35
26-10-2025,Uttar Pradesh,Shahjahanpur,242306,5,36
26-10-2025,Uttar Pradesh,Shahjahanpur,242405,5,43
19-10-2025,Uttar Pradesh,Shahjahanpur,242221,5,73
19-10-2025,Uttar Pradesh,Shahjahanpur,242226,0,5
20-10-2025,Uttar Pradesh,Shahjahanpur,242127,2,7
21-10-2025,Uttar Pradesh,Shahjahanpur,242123,1,0
21-10-2025,Uttar Pradesh,Shahjahanpur,242305,1,1
21-10-2025,Uttar Pradesh,Shahjahanpur,242306,1,5
22-10-2025,Uttar Pradesh,Shahjahanpur,242042,1,0
22-10-2025,Uttar Pradesh,Shahjahanpur,242127,0,1
22-10-2025,Uttar Pradesh,Shahjahanpur,242221,0,1
22-10-2025,Uttar Pradesh,Shahjahanpur,242405,1,0
27-10-2025,Uttar Pradesh,Shahjahanpur,242301,0,37
17-10-2025,Uttar Pradesh,Shahjahanpur,242223,3,19
17-10-2025,Uttar Pradesh,Shahjahanpur,242226,1,3
17-10-2025,Uttar Pradesh,Shahjahanpur,242307,3,43
17-10-2025,Uttar Pradesh,Shahjahanpur,242405,0,27
18-10-2025,Uttar Pradesh,Shahjahanpur,242301,9,53
18-10-2025,Uttar Pradesh,Shahjahanpur,242305,1,19
18-10-2025,Uttar Pradesh,Shahjahanpur,242406,1,20
24-10-2025,Uttar Pradesh,Shahjahanpur,242220,0,12
24-10-2025,Uttar Pradesh,Shahjahanpur,242226,0,3
24-10-2025,Uttar Pradesh,Shahjahanpur,242406,0,13
23-10-2025,Uttar Pradesh,Shahjahanpur,242042,1,3
23-10-2025,Uttar Pradesh,Shahjahanpur,242221,0,7
23-10-2025,Uttar Pradesh,Shahjahanpur,242305,1,1
23-10-2025,Uttar Pradesh,Shahjahanpur,242307,1,4
25-10-2025,Uttar Pradesh,Shahjahanpur,242127,3,39
25-10-2025,Uttar Pradesh,Shahjahanpur,242221,5,54
28-10-2025,Uttar Pradesh,Shahjahanpur,242220,5,18
28-10-2025,Uttar Pradesh,Shahjahanpur,242303,7,38
28-10-2025,Uttar Pradesh,Shahjahanpur,242306,2,27
28-10-2025,Uttar Pradesh,Shahjahanpur,242307,4,80
28-10-2025,Uttar Pradesh,Shahjahanpur,242405,0,31
06-12-2025,Uttar Pradesh,Shahjahanpur,242001,11,351
06-12-2025,Uttar Pradesh,Shahjahanpur,242042,0,49
06-12-2025,Uttar Pradesh,Shahjahanpur,242220,2,7
06-12-2025,Uttar Pradesh,Shahjahanpur,242221,12,128
06-12-2025,Uttar Pradesh,Shahjahanpur,242223,0,31
06-12-2025,Uttar Pradesh,Shahjahanpur,242405,1,36
06-12-2025,Uttar Pradesh,Shahjahanpur,242406,3,29
05-11-2025,Uttar Pradesh,Shahjahanpur,242220,0,7
05-11-2025,Uttar Pradesh,Shahjahanpur,242221,2,82
05-11-2025,Uttar Pradesh,Shahjahanpur,242401,4,45
05-11-2025,Uttar Pradesh,Shahjahanpur,242405,1,25
04-11-2025,Uttar Pradesh,Shahjahanpur,242001,24,307
04-11-2025,Uttar Pradesh,Shahjahanpur,242123,0,3
04-11-2025,Uttar Pradesh,Shahjahanpur,242220,0,12
04-11-2025,Uttar Pradesh,Shahjahanpur,242305,2,32
04-11-2025,Uttar Pradesh,Shahjahanpur,242307,8,77
06-11-2025,Uttar Pradesh,Shahjahanpur,242001,11,307
06-11-2025,Uttar Pradesh,Shahjahanpur,242042,2,65
06-11-2025,Uttar Pradesh,Shahjahanpur,242305,1,31
07-11-2025,Uttar Pradesh,Shahjahanpur,242001,27,277
07-11-2025,Uttar Pradesh,Shahjahanpur,242220,0,11
07-11-2025,Uttar Pradesh,Shahjahanpur,242407,3,47
07-12-2025,Uttar Pradesh,Shahjahanpur,242001,6,147
07-12-2025,Uttar Pradesh,Shahjahanpur,242221,1,71
08-11-2025,Uttar Pradesh,Shahjahanpur,242223,1,13
08-11-2025,Uttar Pradesh,Shahjahanpur,242226,0,4
08-11-2025,Uttar Pradesh,Shahjahanpur,242301,3,73
08-11-2025,Uttar Pradesh,Shahjahanpur,242405,1,30
08-11-2025,Uttar Pradesh,Shahjahanpur,242406,4,32
09-11-2025,Uttar Pradesh,Shahjahanpur,242001,6,100
09-11-2025,Uttar Pradesh,Shahjahanpur,242042,2,17
09-11-2025,Uttar Pradesh,Shahjahanpur,242306,1,11
10-11-2025,Uttar Pradesh,Shahjahanpur,242123,1,2
10-11-2025,Uttar Pradesh,Shahjahanpur,242301,3,93
10-11-2025,Uttar Pradesh,Shahjahanpur,242406,2,36
11-11-2025,Uttar Pradesh,Shahjahanpur,242123,0,13
11-11-2025,Uttar Pradesh,Shahjahanpur,242223,0,20
11-11-2025,Uttar Pradesh,Shahjahanpur,242305,2,44
11-11-2025,Uttar Pradesh,Shahjahanpur,242407,3,63
12-11-2025,Uttar Pradesh,Shahjahanpur,242042,2,43
12-11-2025,Uttar Pradesh,Shahjahanpur,242223,2,31
12-11-2025,Uttar Pradesh,Shahjahanpur,242226,0,1
12-11-2025,Uttar Pradesh,Shahjahanpur,242407,1,42
13-11-2025,Uttar Pradesh,Shahjahanpur,242305,1,49
13-11-2025,Uttar Pradesh,Shahjahanpur,242306,2,28
13-11-2025,Uttar Pradesh,Shahjahanpur,242307,15,109
14-11-2025,Uttar Pradesh,Shahjahanpur,242127,4,56
14-11-2025,Uttar Pradesh,Shahjahanpur,242221,8,111
14-11-2025,Uttar Pradesh,Shahjahanpur,242223,3,21
14-11-2025,Uttar Pradesh,Shahjahanpur,242406,4,17
16-11-2025,Uttar Pradesh,Shahjahanpur,242042,3,24
16-11-2025,Uttar Pradesh,Shahjahanpur,242223,0,12
16-11-2025,Uttar Pradesh,Shahjahanpur,242405,3,26
28-12-2025,Uttar Pradesh,Shahjahanpur,242001,13,200
28-12-2025,Uttar Pradesh,Shahjahanpur,242123,0,2
28-12-2025,Uttar Pradesh,Shahjahanpur,242226,1,1
28-12-2025,Uttar Pradesh,Shahjahanpur,242405,0,26
28-12-2025,Uttar Pradesh,Shahjahanpur,242406,0,5
28-12-2025,Uttar Pradesh,Shahjahanpur,242407,1,39
29-12-2025,Uttar Pradesh,Shahjahanpur,242307,3,57
29-12-2025,Uttar Pradesh,Shahjahanpur,242406,0,31
31-12-2025,Uttar Pradesh,Shahjahanpur,242220,1,16
31-12-2025,Uttar Pradesh,Shahjahanpur,242226,0,4
02-01-2026,Uttar Pradesh,Shahjahanpur,242123,0,7
02-01-2026,Uttar Pradesh,Shahjahanpur,242223,1,10
02-01-2026,Uttar Pradesh,Shahjahanpur,242226,0,1
01-01-2026,Uttar Pradesh,Shahjahanpur,242042,2,32
01-01-2026,Uttar Pradesh,Shahjahanpur,242123,0,4
01-01-2026,Uttar Pradesh,Shahjahanpur,242127,4,47
01-01-2026,Uttar Pradesh,Shahjahanpur,242303,1,15
01-01-2026,Uttar Pradesh,Shahjahanpur,242406,0,6
03-01-2026,Uttar Pradesh,Shahjahanpur,242127,4,15
03-01-2026,Uttar Pradesh,Shahjahanpur,242306,0,7
03-01-2026,Uttar Pradesh,Shahjahanpur,242405,0,8
23-12-2025,Uttar Pradesh,Shahjahanpur,242305,5,28
23-12-2025,Uttar Pradesh,Shahjahanpur,242307,10,84
24-12-2025,Uttar Pradesh,Shahjahanpur,242220,3,27
24-12-2025,Uttar Pradesh,Shahjahanpur,242301,2,50
24-12-2025,Uttar Pradesh,Shahjahanpur,242303,0,32
24-12-2025,Uttar Pradesh,Shahjahanpur,242407,3,44
25-12-2025,Uttar Pradesh,Shahjahanpur,242220,1,15
25-12-2025,Uttar Pradesh,Shahjahanpur,242223,1,6
25-12-2025,Uttar Pradesh,Shahjahanpur,242305,0,21
26-12-2025,Uttar Pradesh,Shahjahanpur,242123,2,6
26-12-2025,Uttar Pradesh,Shahjahanpur,242223,4,23
26-12-2025,Uttar Pradesh,Shahjahanpur,242226,0,4
26-12-2025,Uttar Pradesh,Shahjahanpur,242301,7,81
26-12-2025,Uttar Pradesh,Shahjahanpur,242303,7,40
26-12-2025,Uttar Pradesh,Shahjahanpur,242305,3,25
26-12-2025,Uttar Pradesh,Shahjahanpur,242406,1,22
27-12-2025,Uttar Pradesh,Shahjahanpur,242042,4,40
27-12-2025,Uttar Pradesh,Shahjahanpur,242223,1,18
27-12-2025,Uttar Pradesh,Shahjahanpur,242303,1,29
27-12-2025,Uttar Pradesh,Shahjahanpur,242406,0,18
19-12-2025,Uttar Pradesh,Shahjahanpur,242307,2,49
18-12-2025,Uttar Pradesh,Shahjahanpur,242226,0,5
18-12-2025,Uttar Pradesh,Shahjahanpur,242401,7,85
18-12-2025,Uttar Pradesh,Shahjahanpur,242406,2,35
20-12-2025,Uttar Pradesh,Shahjahanpur,242123,0,3
21-12-2025,Uttar Pradesh,Shahjahanpur,242226,0,2
13-12-2025,Uttar Pradesh,Shahjahanpur,242406,1,34
13-12-2025,Uttar Pradesh,Shahjahanpur,242407,1,63
14-12-2025,Uttar Pradesh,Shahjahanpur,242127,1,37
14-12-2025,Uttar Pradesh,Shahjahanpur,242220,0,6
14-12-2025,Uttar Pradesh,Shahjahanpur,242226,0,5
14-12-2025,Uttar Pradesh,Shahjahanpur,242301,4,41
14-12-2025,Uttar Pradesh,Shahjahanpur,242401,5,46
15-12-2025,Uttar Pradesh,Shahjahanpur,242221,6,139
15-12-2025,Uttar Pradesh,Shahjahanpur,242405,2,40
22-12-2025,Uttar Pradesh,Shahjahanpur,242127,1,48
22-12-2025,Uttar Pradesh,Shahjahanpur,242301,0,48
22-12-2025,Uttar Pradesh,Shahjahanpur,242303,1,35
22-12-2025,Uttar Pradesh,Shahjahanpur,242305,0,19
22-12-2025,Uttar Pradesh,Shahjahanpur,242306,2,38
22-12-2025,Uttar Pradesh,Shahjahanpur,242307,4,54
22-12-2025,Uttar Pradesh,Shahjahanpur,242406,2,20
22-12-2025,Uttar Pradesh,Shahjahanpur,242407,3,28
16-12-2025,Uttar Pradesh,Shahjahanpur,242221,7,120
16-12-2025,Uttar Pradesh,Shahjahanpur,242223,2,20
16-12-2025,Uttar Pradesh,Shahjahanpur,242306,0,27
16-12-2025,Uttar Pradesh,Shahjahanpur,242307,6,95
16-12-2025,Uttar Pradesh,Shahjahanpur,242401,8,97
16-12-2025,Uttar Pradesh,Shahjahanpur,242406,2,28
17-12-2025,Uttar Pradesh,Shahjahanpur,242042,4,62
17-12-2025,Uttar Pradesh,Shahjahanpur,242123,1,4
17-12-2025,Uttar Pradesh,Shahjahanpur,242127,3,47
17-12-2025,Uttar Pradesh,Shahjahanpur,242306,3,28
09-12-2025,Uttar Pradesh,Shahjahanpur,242221,8,162
09-12-2025,Uttar Pradesh,Shahjahanpur,242406,0,30
08-12-2025,Uttar Pradesh,Shahjahanpur,242123,0,7
08-12-2025,Uttar Pradesh,Shahjahanpur,242401,6,107
10-12-2025,Uttar Pradesh,Shahjahanpur,242221,13,102
10-12-2025,Uttar Pradesh,Shahjahanpur,242223,1,19
10-12-2025,Uttar Pradesh,Shahjahanpur,242303,2,35
12-12-2025,Uttar Pradesh,Shahjahanpur,242221,11,129
12-12-2025,Uttar Pradesh,Shahjahanpur,242401,3,93
11-12-2025,Uttar Pradesh,Shahjahanpur,242127,2,71
11-12-2025,Uttar Pradesh,Shahjahanpur,242221,7,130
11-12-2025,Uttar Pradesh,Shahjahanpur,242223,4,23
11-12-2025,Uttar Pradesh,Shahjahanpur,242406,1,31
03-12-2025,Uttar Pradesh,Shahjahanpur,242001,16,384
03-12-2025,Uttar Pradesh,Shahjahanpur,242042,2,50
03-12-2025,Uttar Pradesh,Shahjahanpur,242401,6,90
03-12-2025,Uttar Pradesh,Shahjahanpur,242406,3,22
04-12-2025,Uttar Pradesh,Shahjahanpur,242127,7,64
04-12-2025,Uttar Pradesh,Shahjahanpur,242223,0,17
04-12-2025,Uttar Pradesh,Shahjahanpur,242303,2,23
04-12-2025,Uttar Pradesh,Shahjahanpur,242407,1,66
05-12-2025,Uttar Pradesh,Shahjahanpur,242306,1,35
18-11-2025,Uttar Pradesh,Shahjahanpur,242001,13,456
18-11-2025,Uttar Pradesh,Shahjahanpur,242042,3,52
18-11-2025,Uttar Pradesh,Shahjahanpur,242123,0,3
18-11-2025,Uttar Pradesh,Shahjahanpur,242221,9,125
18-11-2025,Uttar Pradesh,Shahjahanpur,242303,3,28
18-11-2025,Uttar Pradesh,Shahjahanpur,242307,4,125
18-11-2025,Uttar Pradesh,Shahjahanpur,242401,7,101
19-11-2025,Uttar Pradesh,Shahjahanpur,242405,4,33
19-11-2025,Uttar Pradesh,Shahjahanpur,242406,3,18
19-11-2025,Uttar Pradesh,Shahjahanpur,242407,4,52
03-11-2025,Uttar Pradesh,Shahjahanpur,242127,1,51
03-11-2025,Uttar Pradesh,Shahjahanpur,242220,1,6
03-11-2025,Uttar Pradesh,Shahjahanpur,242221,14,126
03-11-2025,Uttar Pradesh,Shahjahanpur,242226,0,9
03-11-2025,Uttar Pradesh,Shahjahanpur,242306,2,32
02-11-2025,Uttar Pradesh,Shahjahanpur,242127,1,22
02-11-2025,Uttar Pradesh,Shahjahanpur,242407,5,38
31-10-2025,Uttar Pradesh,Shahjahanpur,242223,1,43
31-10-2025,Uttar Pradesh,Shahjahanpur,242301,6,78
31-10-2025,Uttar Pradesh,Shahjahanpur,242307,1,87
31-10-2025,Uttar Pradesh,Shahjahanpur,242405,1,30
30-10-2025,Uttar Pradesh,Shahjahanpur,242221,12,114
30-10-2025,Uttar Pradesh,Shahjahanpur,242226,0,3
30-10-2025,Uttar Pradesh,Shahjahanpur,242401,9,82
30-10-2025,Uttar Pradesh,Shahjahanpur,242407,6,73
22-11-2025,Uttar Pradesh,Shahjahanpur,242220,0,13
22-11-2025,Uttar Pradesh,Shahjahanpur,242223,1,15
22-11-2025,Uttar Pradesh,Shahjahanpur,242405,4,23
23-11-2025,Uttar Pradesh,Shahjahanpur,242221,0,34
23-11-2025,Uttar Pradesh,Shahjahanpur,242301,4,29
23-11-2025,Uttar Pradesh,Shahjahanpur,242306,2,25
23-11-2025,Uttar Pradesh,Shahjahanpur,242407,1,34
17-11-2025,Uttar Pradesh,Shahjahanpur,242127,3,72
17-11-2025,Uttar Pradesh,Shahjahanpur,242303,2,33
17-11-2025,Uttar Pradesh,Shahjahanpur,242305,0,44
17-11-2025,Uttar Pradesh,Shahjahanpur,242401,3,71
17-11-2025,Uttar Pradesh,Shahjahanpur,242407,3,43
15-11-2025,Uttar Pradesh,Shahjahanpur,242042,3,53
15-11-2025,Uttar Pradesh,Shahjahanpur,242127,7,61
15-11-2025,Uttar Pradesh,Shahjahanpur,242221,7,116
15-11-2025,Uttar Pradesh,Shahjahanpur,242405,4,32
20-11-2025,Uttar Pradesh,Shahjahanpur,242001,17,483
20-11-2025,Uttar Pradesh,Shahjahanpur,242220,0,14
20-11-2025,Uttar Pradesh,Shahjahanpur,242223,2,26
20-11-2025,Uttar Pradesh,Shahjahanpur,242226,0,6
20-11-2025,Uttar Pradesh,Shahjahanpur,242306,0,47
20-11-2025,Uttar Pradesh,Shahjahanpur,242401,5,67
20-11-2025,Uttar Pradesh,Shahjahanpur,242405,2,34
01-11-2025,Uttar Pradesh,Shahjahanpur,242407,5,38
29-10-2025,Uttar Pradesh,Shahjahanpur,242001,23,325
29-10-2025,Uttar Pradesh,Shahjahanpur,242226,0,4
29-10-2025,Uttar Pradesh,Shahjahanpur,242303,4,46
29-10-2025,Uttar Pradesh,Shahjahanpur,242401,9,107
24-11-2025,Uttar Pradesh,Shahjahanpur,242301,3,59
24-11-2025,Uttar Pradesh,Shahjahanpur,242306,0,19
24-11-2025,Uttar Pradesh,Shahjahanpur,242405,2,34
24-11-2025,Uttar Pradesh,Shahjahanpur,242407,2,36
25-11-2025,Uttar Pradesh,Shahjahanpur,242042,3,48
26-11-2025,Uttar Pradesh,Shahjahanpur,242307,4,111
26-11-2025,Uttar Pradesh,Shahjahanpur,242407,4,51
01-12-2025,Uttar Pradesh,Shahjahanpur,242001,21,455
01-12-2025,Uttar Pradesh,Shahjahanpur,242220,0,10
01-12-2025,Uttar Pradesh,Shahjahanpur,242226,0,5
01-12-2025,Uttar Pradesh,Shahjahanpur,242306,0,42
01-12-2025,Uttar Pradesh,Shahjahanpur,242405,2,33
02-12-2025,Uttar Pradesh,Shahjahanpur,242305,2,40
02-12-2025,Uttar Pradesh,Shahjahanpur,242401,5,88
27-11-2025,Uttar Pradesh,Shahjahanpur,242001,15,407
27-11-2025,Uttar Pradesh,Shahjahanpur,242221,7,178
27-11-2025,Uttar Pradesh,Shahjahanpur,242223,2,24
27-11-2025,Uttar Pradesh,Shahjahanpur,242303,4,46
28-11-2025,Uttar Pradesh,Shahjahanpur,242123,0,6
28-11-2025,Uttar Pradesh,Shahjahanpur,242221,2,127
29-11-2025,Uttar Pradesh,Shahjahanpur,242123,0,6
29-11-2025,Uttar Pradesh,Shahjahanpur,242127,3,55
29-11-2025,Uttar Pradesh,Shahjahanpur,242221,14,150
30-11-2025,Uttar Pradesh,Shahjahanpur,242127,5,35
30-11-2025,Uttar Pradesh,Shahjahanpur,242220,0,13
30-11-2025,Uttar Pradesh,Shahjahanpur,242306,0,19
01-03-2025,Uttar Pradesh,Shahjahanpur,242123,13,145
01-03-2025,Uttar Pradesh,Shahjahanpur,242405,73,1031
01-03-2025,Uttar Pradesh,Shahjahanpur,242223,54,682
01-07-2025,Uttar Pradesh,Shahjahanpur,242001,1196,11243
01-09-2025,Uttar Pradesh,Shahjahanpur,242123,1,2
01-09-2025,Uttar Pradesh,Shahjahanpur,242223,6,39
01-09-2025,Uttar Pradesh,Shahjahanpur,242306,9,27
01-09-2025,Uttar Pradesh,Shahjahanpur,242406,13,59
02-09-2025,Uttar Pradesh,Shahjahanpur,242042,9,53
02-09-2025,Uttar Pradesh,Shahjahanpur,242123,0,5
02-09-2025,Uttar Pradesh,Shahjahanpur,242220,4,15
02-09-2025,Uttar Pradesh,Shahjahanpur,242305,12,51
02-09-2025,Uttar Pradesh,Shahjahanpur,242306,7,22
02-09-2025,Uttar Pradesh,Shahjahanpur,242401,28,113
03-09-2025,Uttar Pradesh,Shahjahanpur,242123,1,3
03-09-2025,Uttar Pradesh,Shahjahanpur,242223,7,33
03-09-2025,Uttar Pradesh,Shahjahanpur,242305,18,37
03-09-2025,Uttar Pradesh,Shahjahanpur,242306,3,44
03-09-2025,Uttar Pradesh,Shahjahanpur,242406,15,46
05-09-2025,Uttar Pradesh,Shahjahanpur,242001,25,123
05-09-2025,Uttar Pradesh,Shahjahanpur,242123,0,1
05-09-2025,Uttar Pradesh,Shahjahanpur,242301,11,55
04-09-2025,Uttar Pradesh,Shahjahanpur,242001,58,287
07-09-2025,Uttar Pradesh,Shahjahanpur,242220,1,3
07-09-2025,Uttar Pradesh,Shahjahanpur,242301,5,20
06-09-2025,Uttar Pradesh,Shahjahanpur,242220,4,9
06-09-2025,Uttar Pradesh,Shahjahanpur,242221,33,124
06-09-2025,Uttar Pradesh,Shahjahanpur,242226,0,1
06-09-2025,Uttar Pradesh,Shahjahanpur,242306,9,44
06-09-2025,Uttar Pradesh,Shahjahanpur,242405,10,45
06-09-2025,Uttar Pradesh,Shahjahanpur,242407,9,41
09-09-2025,Uttar Pradesh,Shahjahanpur,242127,26,109
09-09-2025,Uttar Pradesh,Shahjahanpur,242301,16,81
09-09-2025,Uttar Pradesh,Shahjahanpur,242307,11,71
09-09-2025,Uttar Pradesh,Shahjahanpur,242406,7,38
08-09-2025,Uttar Pradesh,Shahjahanpur,242001,58,324
08-09-2025,Uttar Pradesh,Shahjahanpur,242042,16,96
08-09-2025,Uttar Pradesh,Shahjahanpur,242223,7,27
08-09-2025,Uttar Pradesh,Shahjahanpur,242303,10,48
08-09-2025,Uttar Pradesh,Shahjahanpur,242305,13,40
08-09-2025,Uttar Pradesh,Shahjahanpur,242307,11,78
10-09-2025,Uttar Pradesh,Shahjahanpur,242221,43,148
10-09-2025,Uttar Pradesh,Shahjahanpur,242405,12,49
11-09-2025,Uttar Pradesh,Shahjahanpur,242303,8,47
11-09-2025,Uttar Pradesh,Shahjahanpur,242401,19,109
11-09-2025,Uttar Pradesh,Shahjahanpur,242405,4,36
11-09-2025,Uttar Pradesh,Shahjahanpur,242407,11,54
12-09-2025,Uttar Pradesh,Shahjahanpur,242307,19,99
12-09-2025,Uttar Pradesh,Shahjahanpur,242401,33,130
12-09-2025,Uttar Pradesh,Shahjahanpur,242407,19,62
13-09-2025,Uttar Pradesh,Shahjahanpur,242306,2,33
13-09-2025,Uttar Pradesh,Shahjahanpur,242407,6,40
15-09-2025,Uttar Pradesh,Shahjahanpur,242001,37,251
15-09-2025,Uttar Pradesh,Shahjahanpur,242221,23,135
15-09-2025,Uttar Pradesh,Shahjahanpur,242223,2,27
15-09-2025,Uttar Pradesh,Shahjahanpur,242301,12,80
15-09-2025,Uttar Pradesh,Shahjahanpur,242405,5,31
15-09-2025,Uttar Pradesh,Shahjahanpur,242406,2,31
14-09-2025,Uttar Pradesh,Shahjahanpur,242042,2,29
14-09-2025,Uttar Pradesh,Shahjahanpur,242127,6,30
14-09-2025,Uttar Pradesh,Shahjahanpur,242303,4,27
14-09-2025,Uttar Pradesh,Shahjahanpur,242401,6,42
14-09-2025,Uttar Pradesh,Shahjahanpur,242407,5,48
16-09-2025,Uttar Pradesh,Shahjahanpur,242042,5,56
16-09-2025,Uttar Pradesh,Shahjahanpur,242127,15,64
16-09-2025,Uttar Pradesh,Shahjahanpur,242305,11,27
16-09-2025,Uttar Pradesh,Shahjahanpur,242406,4,31
18-09-2025,Uttar Pradesh,Shahjahanpur,242042,6,59
18-09-2025,Uttar Pradesh,Shahjahanpur,242307,9,66
17-09-2025,Uttar Pradesh,Shahjahanpur,242123,1,5
17-09-2025,Uttar Pradesh,Shahjahanpur,242127,16,69
17-09-2025,Uttar Pradesh,Shahjahanpur,242305,8,35
17-09-2025,Uttar Pradesh,Shahjahanpur,242407,10,51
19-09-2025,Uttar Pradesh,Shahjahanpur,242223,4,27
19-09-2025,Uttar Pradesh,Shahjahanpur,242305,3,33
20-09-2025,Uttar Pradesh,Shahjahanpur,242001,41,283
20-09-2025,Uttar Pradesh,Shahjahanpur,242223,2,18
20-09-2025,Uttar Pradesh,Shahjahanpur,242307,4,55
20-09-2025,Uttar Pradesh,Shahjahanpur,242401,10,72
20-09-2025,Uttar Pradesh,Shahjahanpur,242405,4,38
20-09-2025,Uttar Pradesh,Shahjahanpur,242407,7,43
13-10-2025,Uttar Pradesh,Shahjahanpur,242221,5,52
13-10-2025,Uttar Pradesh,Shahjahanpur,242401,1,36
15-10-2025,Uttar Pradesh,Shahjahanpur,242042,5,62
15-10-2025,Uttar Pradesh,Shahjahanpur,242123,1,1
15-10-2025,Uttar Pradesh,Shahjahanpur,242301,6,64
20-10-2025,Uttar Pradesh,Shahjahanpur,242301,1,9
20-10-2025,Uttar Pradesh,Shahjahanpur,242303,0,7
21-10-2025,Uttar Pradesh,Shahjahanpur,242220,0,1
21-10-2025,Uttar Pradesh,Shahjahanpur,242221,4,24
22-10-2025,Uttar Pradesh,Shahjahanpur,242220,0,2
22-10-2025,Uttar Pradesh,Shahjahanpur,242401,1,1
23-10-2025,Uttar Pradesh,Shahjahanpur,242303,0,1
23-10-2025,Uttar Pradesh,Shahjahanpur,242306,1,0
23-10-2025,Uttar Pradesh,Shahjahanpur,242406,0,5
24-10-2025,Uttar Pradesh,Shahjahanpur,242123,0,3
24-10-2025,Uttar Pradesh,Shahjahanpur,242303,2,43
24-10-2025,Uttar Pradesh,Shahjahanpur,242405,3,27
17-10-2025,Uttar Pradesh,Shahjahanpur,242123,0,2
16-10-2025,Uttar Pradesh,Shahjahanpur,242042,8,43
16-10-2025,Uttar Pradesh,Shahjahanpur,242127,10,60
16-10-2025,Uttar Pradesh,Shahjahanpur,242305,1,27
16-10-2025,Uttar Pradesh,Shahjahanpur,242406,8,28
18-10-2025,Uttar Pradesh,Shahjahanpur,242042,4,33
18-10-2025,Uttar Pradesh,Shahjahanpur,242307,4,44
18-10-2025,Uttar Pradesh,Shahjahanpur,242401,5,81
26-10-2025,Uttar Pradesh,Shahjahanpur,242123,1,4
26-10-2025,Uttar Pradesh,Shahjahanpur,242221,20,204
26-10-2025,Uttar Pradesh,Shahjahanpur,242226,1,5
26-10-2025,Uttar Pradesh,Shahjahanpur,242307,6,107
25-10-2025,Uttar Pradesh,Shahjahanpur,242220,0,13
25-10-2025,Uttar Pradesh,Shahjahanpur,242301,7,41
25-10-2025,Uttar Pradesh,Shahjahanpur,242306,2,19
25-10-2025,Uttar Pradesh,Shahjahanpur,242407,9,23
27-10-2025,Uttar Pradesh,Shahjahanpur,242001,10,132
27-10-2025,Uttar Pradesh,Shahjahanpur,242303,3,19
27-10-2025,Uttar Pradesh,Shahjahanpur,242406,4,22
28-10-2025,Uttar Pradesh,Shahjahanpur,242226,0,7
28-10-2025,Uttar Pradesh,Shahjahanpur,242301,7,41
21-12-2025,Uttar Pradesh,Shahjahanpur,242001,4,80
21-12-2025,Uttar Pradesh,Shahjahanpur,242401,1,17
22-12-2025,Uttar Pradesh,Shahjahanpur,242220,0,16
15-12-2025,Uttar Pradesh,Shahjahanpur,242220,0,22
15-12-2025,Uttar Pradesh,Shahjahanpur,242223,3,29
15-12-2025,Uttar Pradesh,Shahjahanpur,242307,5,79
08-12-2025,Uttar Pradesh,Shahjahanpur,242406,1,35
11-12-2025,Uttar Pradesh,Shahjahanpur,242001,17,343
11-12-2025,Uttar Pradesh,Shahjahanpur,242042,6,83
11-12-2025,Uttar Pradesh,Shahjahanpur,242226,1,5
11-12-2025,Uttar Pradesh,Shahjahanpur,242303,3,41
11-12-2025,Uttar Pradesh,Shahjahanpur,242305,1,44
11-12-2025,Uttar Pradesh,Shahjahanpur,242407,2,55
20-12-2025,Uttar Pradesh,Shahjahanpur,242127,4,48
20-12-2025,Uttar Pradesh,Shahjahanpur,242223,0,16
20-12-2025,Uttar Pradesh,Shahjahanpur,242226,0,1
20-12-2025,Uttar Pradesh,Shahjahanpur,242306,3,18
20-12-2025,Uttar Pradesh,Shahjahanpur,242401,2,36
20-12-2025,Uttar Pradesh,Shahjahanpur,242407,3,27
19-12-2025,Uttar Pradesh,Shahjahanpur,242123,0,3
19-12-2025,Uttar Pradesh,Shahjahanpur,242221,5,92
19-12-2025,Uttar Pradesh,Shahjahanpur,242305,2,17
19-12-2025,Uttar Pradesh,Shahjahanpur,242401,2,59
13-12-2025,Uttar Pradesh,Shahjahanpur,242001,17,359
13-12-2025,Uttar Pradesh,Shahjahanpur,242301,3,73
14-12-2025,Uttar Pradesh,Shahjahanpur,242001,8,154
14-12-2025,Uttar Pradesh,Shahjahanpur,242042,1,20
14-12-2025,Uttar Pradesh,Shahjahanpur,242405,1,17
14-12-2025,Uttar Pradesh,Shahjahanpur,242406,1,29
16-12-2025,Uttar Pradesh,Shahjahanpur,242042,1,62
16-12-2025,Uttar Pradesh,Shahjahanpur,242405,1,25
10-12-2025,Uttar Pradesh,Shahjahanpur,242001,21,385
10-12-2025,Uttar Pradesh,Shahjahanpur,242220,1,7
10-12-2025,Uttar Pradesh,Shahjahanpur,242226,0,3
10-12-2025,Uttar Pradesh,Shahjahanpur,242306,2,38
10-12-2025,Uttar Pradesh,Shahjahanpur,242405,2,34
09-12-2025,Uttar Pradesh,Shahjahanpur,242123,0,4
09-12-2025,Uttar Pradesh,Shahjahanpur,242306,4,44
09-12-2025,Uttar Pradesh,Shahjahanpur,242307,10,119
09-12-2025,Uttar Pradesh,Shahjahanpur,242405,2,29
28-12-2025,Uttar Pradesh,Shahjahanpur,242220,1,9
28-12-2025,Uttar Pradesh,Shahjahanpur,242223,1,7
28-12-2025,Uttar Pradesh,Shahjahanpur,242401,3,55
17-12-2025,Uttar Pradesh,Shahjahanpur,242001,12,283
17-12-2025,Uttar Pradesh,Shahjahanpur,242226,0,4
17-12-2025,Uttar Pradesh,Shahjahanpur,242301,8,68
17-12-2025,Uttar Pradesh,Shahjahanpur,242406,0,17
12-12-2025,Uttar Pradesh,Shahjahanpur,242042,4,60
12-12-2025,Uttar Pradesh,Shahjahanpur,242305,4,32
12-12-2025,Uttar Pradesh,Shahjahanpur,242306,2,31
12-12-2025,Uttar Pradesh,Shahjahanpur,242307,3,99
06-12-2025,Uttar Pradesh,Shahjahanpur,242303,1,34
05-12-2025,Uttar Pradesh,Shahjahanpur,242221,11,106
05-12-2025,Uttar Pradesh,Shahjahanpur,242223,2,15
03-12-2025,Uttar Pradesh,Shahjahanpur,242123,0,3
03-12-2025,Uttar Pradesh,Shahjahanpur,242221,12,110
03-12-2025,Uttar Pradesh,Shahjahanpur,242301,2,54
03-12-2025,Uttar Pradesh,Shahjahanpur,242303,5,37
03-12-2025,Uttar Pradesh,Shahjahanpur,242307,3,85
03-12-2025,Uttar Pradesh,Shahjahanpur,242405,0,31
04-12-2025,Uttar Pradesh,Shahjahanpur,242305,4,38
07-12-2025,Uttar Pradesh,Shahjahanpur,242042,1,30
07-12-2025,Uttar Pradesh,Shahjahanpur,242127,4,31
07-12-2025,Uttar Pradesh,Shahjahanpur,242226,0,2
07-12-2025,Uttar Pradesh,Shahjahanpur,242401,1,41
08-11-2025,Uttar Pradesh,Shahjahanpur,242001,15,210
08-11-2025,Uttar Pradesh,Shahjahanpur,242042,3,26
09-11-2025,Uttar Pradesh,Shahjahanpur,242223,2,12
09-11-2025,Uttar Pradesh,Shahjahanpur,242301,0,22
09-11-2025,Uttar Pradesh,Shahjahanpur,242406,0,13
10-11-2025,Uttar Pradesh,Shahjahanpur,242407,1,33
11-11-2025,Uttar Pradesh,Shahjahanpur,242042,0,64
11-11-2025,Uttar Pradesh,Shahjahanpur,242303,3,42
04-11-2025,Uttar Pradesh,Shahjahanpur,242127,5,74
04-11-2025,Uttar Pradesh,Shahjahanpur,242226,1,9
04-11-2025,Uttar Pradesh,Shahjahanpur,242401,4,81
05-11-2025,Uttar Pradesh,Shahjahanpur,242042,1,31
05-11-2025,Uttar Pradesh,Shahjahanpur,242406,0,31
06-11-2025,Uttar Pradesh,Shahjahanpur,242221,14,113
06-11-2025,Uttar Pradesh,Shahjahanpur,242223,0,13
06-11-2025,Uttar Pradesh,Shahjahanpur,242226,0,13
06-11-2025,Uttar Pradesh,Shahjahanpur,242301,3,62
06-11-2025,Uttar Pradesh,Shahjahanpur,242405,1,29
06-11-2025,Uttar Pradesh,Shahjahanpur,242406,5,50
07-11-2025,Uttar Pradesh,Shahjahanpur,242221,4,90
07-11-2025,Uttar Pradesh,Shahjahanpur,242301,4,61
12-11-2025,Uttar Pradesh,Shahjahanpur,242301,3,74
12-11-2025,Uttar Pradesh,Shahjahanpur,242306,4,32
12-11-2025,Uttar Pradesh,Shahjahanpur,242406,4,31
14-11-2025,Uttar Pradesh,Shahjahanpur,242001,14,334
14-11-2025,Uttar Pradesh,Shahjahanpur,242042,5,44
31-12-2025,Uttar Pradesh,Shahjahanpur,242001,7,274
31-12-2025,Uttar Pradesh,Shahjahanpur,242306,0,32
31-12-2025,Uttar Pradesh,Shahjahanpur,242405,0,29
31-12-2025,Uttar Pradesh,Shahjahanpur,242407,1,55
29-12-2025,Uttar Pradesh,Shahjahanpur,242226,0,5
29-12-2025,Uttar Pradesh,Shahjahanpur,242306,5,19
25-12-2025,Uttar Pradesh,Shahjahanpur,242226,0,2
25-12-2025,Uttar Pradesh,Shahjahanpur,242303,3,31
25-12-2025,Uttar Pradesh,Shahjahanpur,242401,2,45
25-12-2025,Uttar Pradesh,Shahjahanpur,242405,0,17
01-01-2026,Uttar Pradesh,Shahjahanpur,242301,4,52
01-01-2026,Uttar Pradesh,Shahjahanpur,242306,1,15
01-01-2026,Uttar Pradesh,Shahjahanpur,242307,1,66
01-01-2026,Uttar Pradesh,Shahjahanpur,242405,0,24
24-12-2025,Uttar Pradesh,Shahjahanpur,242001,5,255
24-12-2025,Uttar Pradesh,Shahjahanpur,242042,4,43
24-12-2025,Uttar Pradesh,Shahjahanpur,242306,3,37
24-12-2025,Uttar Pradesh,Shahjahanpur,242307,3,85
24-12-2025,Uttar Pradesh,Shahjahanpur,242405,3,34
23-12-2025,Uttar Pradesh,Shahjahanpur,242127,1,46
23-12-2025,Uttar Pradesh,Shahjahanpur,242220,3,25
23-12-2025,Uttar Pradesh,Shahjahanpur,242221,8,116
23-12-2025,Uttar Pradesh,Shahjahanpur,242406,1,36
27-12-2025,Uttar Pradesh,Shahjahanpur,242001,10,242
27-12-2025,Uttar Pradesh,Shahjahanpur,242301,3,50
27-12-2025,Uttar Pradesh,Shahjahanpur,242307,0,61
27-12-2025,Uttar Pradesh,Shahjahanpur,242405,1,30
26-12-2025,Uttar Pradesh,Shahjahanpur,242001,11,308
26-12-2025,Uttar Pradesh,Shahjahanpur,242042,5,63
26-12-2025,Uttar Pradesh,Shahjahanpur,242127,1,58
03-01-2026,Uttar Pradesh,Shahjahanpur,242223,0,3
03-01-2026,Uttar Pradesh,Shahjahanpur,242307,1,27
03-01-2026,Uttar Pradesh,Shahjahanpur,242401,1,16
03-01-2026,Uttar Pradesh,Shahjahanpur,242406,1,7
03-01-2026,Uttar Pradesh,Shahjahanpur,242407,1,6
02-01-2026,Uttar Pradesh,Shahjahanpur,242127,5,41
02-01-2026,Uttar Pradesh,Shahjahanpur,242305,2,13
02-01-2026,Uttar Pradesh,Shahjahanpur,242306,2,16
02-01-2026,Uttar Pradesh,Shahjahanpur,242406,0,13
18-12-2025,Uttar Pradesh,Shahjahanpur,242127,5,54
18-12-2025,Uttar Pradesh,Shahjahanpur,242306,2,30
18-12-2025,Uttar Pradesh,Shahjahanpur,242407,4,57
16-11-2025,Uttar Pradesh,Shahjahanpur,242001,8,212
16-11-2025,Uttar Pradesh,Shahjahanpur,242220,0,7
16-11-2025,Uttar Pradesh,Shahjahanpur,242301,0,59
16-11-2025,Uttar Pradesh,Shahjahanpur,242305,0,29
16-11-2025,Uttar Pradesh,Shahjahanpur,242306,0,12
16-11-2025,Uttar Pradesh,Shahjahanpur,242407,1,16
13-11-2025,Uttar Pradesh,Shahjahanpur,242042,4,44
13-11-2025,Uttar Pradesh,Shahjahanpur,242223,1,16
13-11-2025,Uttar Pradesh,Shahjahanpur,242226,0,2
13-11-2025,Uttar Pradesh,Shahjahanpur,242406,4,28
17-11-2025,Uttar Pradesh,Shahjahanpur,242123,0,9
17-11-2025,Uttar Pradesh,Shahjahanpur,242226,0,4
17-11-2025,Uttar Pradesh,Shahjahanpur,242406,6,31
18-11-2025,Uttar Pradesh,Shahjahanpur,242405,2,43
18-11-2025,Uttar Pradesh,Shahjahanpur,242406,3,21
19-11-2025,Uttar Pradesh,Shahjahanpur,242042,1,42
19-11-2025,Uttar Pradesh,Shahjahanpur,242123,0,5
19-11-2025,Uttar Pradesh,Shahjahanpur,242127,2,76
19-11-2025,Uttar Pradesh,Shahjahanpur,242306,4,42
19-11-2025,Uttar Pradesh,Shahjahanpur,242401,4,85
20-11-2025,Uttar Pradesh,Shahjahanpur,242221,7,106
20-11-2025,Uttar Pradesh,Shahjahanpur,242307,3,96
20-11-2025,Uttar Pradesh,Shahjahanpur,242406,5,26
20-11-2025,Uttar Pradesh,Shahjahanpur,242407,4,57
21-11-2025,Uttar Pradesh,Shahjahanpur,242301,2,81
21-11-2025,Uttar Pradesh,Shahjahanpur,242303,0,21
21-11-2025,Uttar Pradesh,Shahjahanpur,242407,3,45
03-11-2025,Uttar Pradesh,Shahjahanpur,242042,4,56
03-11-2025,Uttar Pradesh,Shahjahanpur,242307,3,96
03-11-2025,Uttar Pradesh,Shahjahanpur,242406,3,43
03-11-2025,Uttar Pradesh,Shahjahanpur,242407,4,53
01-11-2025,Uttar Pradesh,Shahjahanpur,242123,0,5
01-11-2025,Uttar Pradesh,Shahjahanpur,242220,2,18
01-11-2025,Uttar Pradesh,Shahjahanpur,242221,6,120
01-11-2025,Uttar Pradesh,Shahjahanpur,242226,0,2
01-11-2025,Uttar Pradesh,Shahjahanpur,242301,3,71
01-11-2025,Uttar Pradesh,Shahjahanpur,242401,4,89
24-11-2025,Uttar Pradesh,Shahjahanpur,242221,5,101
24-11-2025,Uttar Pradesh,Shahjahanpur,242223,0,21
24-11-2025,Uttar Pradesh,Shahjahanpur,242406,2,22
25-11-2025,Uttar Pradesh,Shahjahanpur,242123,1,12
25-11-2025,Uttar Pradesh,Shahjahanpur,242220,0,13
25-11-2025,Uttar Pradesh,Shahjahanpur,242301,3,54
25-11-2025,Uttar Pradesh,Shahjahanpur,242401,5,79
25-11-2025,Uttar Pradesh,Shahjahanpur,242407,4,67
02-11-2025,Uttar Pradesh,Shahjahanpur,242307,0,43
02-11-2025,Uttar Pradesh,Shahjahanpur,242401,4,35
22-11-2025,Uttar Pradesh,Shahjahanpur,242001,10,200
22-11-2025,Uttar Pradesh,Shahjahanpur,242127,5,42
22-11-2025,Uttar Pradesh,Shahjahanpur,242226,0,1
22-11-2025,Uttar Pradesh,Shahjahanpur,242301,1,50
22-11-2025,Uttar Pradesh,Shahjahanpur,242406,0,16
22-11-2025,Uttar Pradesh,Shahjahanpur,242407,1,27
23-11-2025,Uttar Pradesh,Shahjahanpur,242042,2,28
23-11-2025,Uttar Pradesh,Shahjahanpur,242223,0,11
23-11-2025,Uttar Pradesh,Shahjahanpur,242405,0,7
27-11-2025,Uttar Pradesh,Shahjahanpur,242220,0,15
27-11-2025,Uttar Pradesh,Shahjahanpur,242307,8,125
27-11-2025,Uttar Pradesh,Shahjahanpur,242401,8,118
30-10-2025,Uttar Pradesh,Shahjahanpur,242042,2,55
30-10-2025,Uttar Pradesh,Shahjahanpur,242301,10,82
30-10-2025,Uttar Pradesh,Shahjahanpur,242307,10,59
31-10-2025,Uttar Pradesh,Shahjahanpur,242221,14,99
31-10-2025,Uttar Pradesh,Shahjahanpur,242406,3,50
26-11-2025,Uttar Pradesh,Shahjahanpur,242301,2,115
26-11-2025,Uttar Pradesh,Shahjahanpur,242303,3,58
26-11-2025,Uttar Pradesh,Shahjahanpur,242405,4,49
29-10-2025,Uttar Pradesh,Shahjahanpur,242305,5,30
29-10-2025,Uttar Pradesh,Shahjahanpur,242306,4,36
01-12-2025,Uttar Pradesh,Shahjahanpur,242123,0,6
01-12-2025,Uttar Pradesh,Shahjahanpur,242407,1,58
02-12-2025,Uttar Pradesh,Shahjahanpur,242220,0,10
02-12-2025,Uttar Pradesh,Shahjahanpur,242226,0,5
02-12-2025,Uttar Pradesh,Shahjahanpur,242405,2,13
28-11-2025,Uttar Pradesh,Shahjahanpur,242220,4,17
28-11-2025,Uttar Pradesh,Shahjahanpur,242223,0,25
28-11-2025,Uttar Pradesh,Shahjahanpur,242301,6,76
28-11-2025,Uttar Pradesh,Shahjahanpur,242305,7,66
29-11-2025,Uttar Pradesh,Shahjahanpur,242220,1,13
29-11-2025,Uttar Pradesh,Shahjahanpur,242223,1,23
29-11-2025,Uttar Pradesh,Shahjahanpur,242305,4,42
29-11-2025,Uttar Pradesh,Shahjahanpur,242307,7,99
29-11-2025,Uttar Pradesh,Shahjahanpur,242406,1,42
30-11-2025,Uttar Pradesh,Shahjahanpur,242221,3,45
30-11-2025,Uttar Pradesh,Shahjahanpur,242301,4,58
30-11-2025,Uttar Pradesh,Shahjahanpur,242405,2,14
30-11-2025,Uttar Pradesh,Shahjahanpur,242406,0,9
30-11-2025,Uttar Pradesh,Shahjahanpur,242407,1,31
01-03-2025,Uttar Pradesh,Shahjahanpur,242303,146,1712
01-03-2025,Uttar Pradesh,Shahjahanpur,242220,43,626
01-06-2025,Uttar Pradesh,Shahjahanpur,242001,522,9830
01-03-2025,Uttar Pradesh,Shahjahanpur,242406,67,970
01-09-2025,Uttar Pradesh,Shahjahanpur,242127,24,79
01-09-2025,Uttar Pradesh,Shahjahanpur,242226,2,6
01-09-2025,Uttar Pradesh,Shahjahanpur,242301,22,88
01-09-2025,Uttar Pradesh,Shahjahanpur,242401,18,83
01-09-2025,Uttar Pradesh,Shahjahanpur,242407,18,73
03-09-2025,Uttar Pradesh,Shahjahanpur,242226,3,9
03-09-2025,Uttar Pradesh,Shahjahanpur,242407,14,49
05-09-2025,Uttar Pradesh,Shahjahanpur,242223,2,12
05-09-2025,Uttar Pradesh,Shahjahanpur,242401,15,75
05-09-2025,Uttar Pradesh,Shahjahanpur,242405,12,27
05-09-2025,Uttar Pradesh,Shahjahanpur,242406,9,31
05-09-2025,Uttar Pradesh,Shahjahanpur,242407,8,47
04-09-2025,Uttar Pradesh,Shahjahanpur,242123,3,9
04-09-2025,Uttar Pradesh,Shahjahanpur,242303,17,49
04-09-2025,Uttar Pradesh,Shahjahanpur,242305,9,40
04-09-2025,Uttar Pradesh,Shahjahanpur,242306,10,27
04-09-2025,Uttar Pradesh,Shahjahanpur,242401,31,143
04-09-2025,Uttar Pradesh,Shahjahanpur,242407,12,81
07-09-2025,Uttar Pradesh,Shahjahanpur,242221,8,51
07-09-2025,Uttar Pradesh,Shahjahanpur,242303,10,33
07-09-2025,Uttar Pradesh,Shahjahanpur,242306,4,16
07-09-2025,Uttar Pradesh,Shahjahanpur,242307,8,33
06-09-2025,Uttar Pradesh,Shahjahanpur,242042,3,51
06-09-2025,Uttar Pradesh,Shahjahanpur,242223,2,29
06-09-2025,Uttar Pradesh,Shahjahanpur,242301,12,70
08-09-2025,Uttar Pradesh,Shahjahanpur,242123,0,1
08-09-2025,Uttar Pradesh,Shahjahanpur,242127,27,89
08-09-2025,Uttar Pradesh,Shahjahanpur,242220,9,26
08-09-2025,Uttar Pradesh,Shahjahanpur,242301,21,73
08-09-2025,Uttar Pradesh,Shahjahanpur,242406,12,40
10-09-2025,Uttar Pradesh,Shahjahanpur,242001,65,329
10-09-2025,Uttar Pradesh,Shahjahanpur,242127,24,107
10-09-2025,Uttar Pradesh,Shahjahanpur,242220,5,33
10-09-2025,Uttar Pradesh,Shahjahanpur,242307,6,105
10-09-2025,Uttar Pradesh,Shahjahanpur,242406,15,40
10-09-2025,Uttar Pradesh,Shahjahanpur,242407,17,54
09-09-2025,Uttar Pradesh,Shahjahanpur,242223,4,36
09-09-2025,Uttar Pradesh,Shahjahanpur,242405,8,55
11-09-2025,Uttar Pradesh,Shahjahanpur,242042,12,46
11-09-2025,Uttar Pradesh,Shahjahanpur,242127,21,87
11-09-2025,Uttar Pradesh,Shahjahanpur,242220,10,34
11-09-2025,Uttar Pradesh,Shahjahanpur,242221,47,172
11-09-2025,Uttar Pradesh,Shahjahanpur,242306,8,33
12-09-2025,Uttar Pradesh,Shahjahanpur,242220,4,11
12-09-2025,Uttar Pradesh,Shahjahanpur,242221,30,152
12-09-2025,Uttar Pradesh,Shahjahanpur,242223,5,23
12-09-2025,Uttar Pradesh,Shahjahanpur,242303,15,69
12-09-2025,Uttar Pradesh,Shahjahanpur,242305,11,36
12-09-2025,Uttar Pradesh,Shahjahanpur,242405,14,39
12-09-2025,Uttar Pradesh,Shahjahanpur,242406,6,35
13-09-2025,Uttar Pradesh,Shahjahanpur,242220,5,32
13-09-2025,Uttar Pradesh,Shahjahanpur,242301,7,60
13-09-2025,Uttar Pradesh,Shahjahanpur,242303,5,28
13-09-2025,Uttar Pradesh,Shahjahanpur,242401,9,68
14-09-2025,Uttar Pradesh,Shahjahanpur,242001,13,84
14-09-2025,Uttar Pradesh,Shahjahanpur,242220,0,13
14-09-2025,Uttar Pradesh,Shahjahanpur,242405,3,23
14-09-2025,Uttar Pradesh,Shahjahanpur,242406,6,20
16-09-2025,Uttar Pradesh,Shahjahanpur,242301,10,63
16-09-2025,Uttar Pradesh,Shahjahanpur,242407,7,45
15-09-2025,Uttar Pradesh,Shahjahanpur,242220,7,29
15-09-2025,Uttar Pradesh,Shahjahanpur,242407,16,57
17-09-2025,Uttar Pradesh,Shahjahanpur,242223,11,21
17-09-2025,Uttar Pradesh,Shahjahanpur,242406,4,31
19-09-2025,Uttar Pradesh,Shahjahanpur,242042,8,74
19-09-2025,Uttar Pradesh,Shahjahanpur,242127,15,70
19-09-2025,Uttar Pradesh,Shahjahanpur,242220,19,82
19-09-2025,Uttar Pradesh,Shahjahanpur,242306,4,33
19-09-2025,Uttar Pradesh,Shahjahanpur,242401,21,107
18-09-2025,Uttar Pradesh,Shahjahanpur,242127,17,83
18-09-2025,Uttar Pradesh,Shahjahanpur,242401,12,96
18-09-2025,Uttar Pradesh,Shahjahanpur,242405,3,33
20-09-2025,Uttar Pradesh,Shahjahanpur,242042,5,52
20-09-2025,Uttar Pradesh,Shahjahanpur,242226,0,2
20-09-2025,Uttar Pradesh,Shahjahanpur,242406,2,40
13-10-2025,Uttar Pradesh,Shahjahanpur,242220,0,10
13-10-2025,Uttar Pradesh,Shahjahanpur,242301,2,39
13-10-2025,Uttar Pradesh,Shahjahanpur,242305,0,13
13-10-2025,Uttar Pradesh,Shahjahanpur,242406,3,13
15-10-2025,Uttar Pradesh,Shahjahanpur,242220,1,18
15-10-2025,Uttar Pradesh,Shahjahanpur,242226,0,7
15-10-2025,Uttar Pradesh,Shahjahanpur,242306,4,24
15-10-2025,Uttar Pradesh,Shahjahanpur,242401,14,82
15-10-2025,Uttar Pradesh,Shahjahanpur,242406,3,18
15-10-2025,Uttar Pradesh,Shahjahanpur,242407,10,57
16-10-2025,Uttar Pradesh,Shahjahanpur,242001,34,235
16-10-2025,Uttar Pradesh,Shahjahanpur,242301,5,65
16-10-2025,Uttar Pradesh,Shahjahanpur,242306,6,24
16-10-2025,Uttar Pradesh,Shahjahanpur,242401,13,70
26-10-2025,Uttar Pradesh,Shahjahanpur,242127,11,93
26-10-2025,Uttar Pradesh,Shahjahanpur,242301,6,96
26-10-2025,Uttar Pradesh,Shahjahanpur,242305,3,48
26-10-2025,Uttar Pradesh,Shahjahanpur,242407,6,62
17-10-2025,Uttar Pradesh,Shahjahanpur,242042,3,32
17-10-2025,Uttar Pradesh,Shahjahanpur,242127,4,54
17-10-2025,Uttar Pradesh,Shahjahanpur,242306,1,18
17-10-2025,Uttar Pradesh,Shahjahanpur,242401,13,58
18-10-2025,Uttar Pradesh,Shahjahanpur,242303,5,38
18-10-2025,Uttar Pradesh,Shahjahanpur,242407,4,26
19-10-2025,Uttar Pradesh,Shahjahanpur,242001,29,174
19-10-2025,Uttar Pradesh,Shahjahanpur,242123,0,2
19-10-2025,Uttar Pradesh,Shahjahanpur,242223,3,12
19-10-2025,Uttar Pradesh,Shahjahanpur,242303,5,28
19-10-2025,Uttar Pradesh,Shahjahanpur,242401,10,60
19-10-2025,Uttar Pradesh,Shahjahanpur,242405,2,34
21-10-2025,Uttar Pradesh,Shahjahanpur,242042,2,15
21-10-2025,Uttar Pradesh,Shahjahanpur,242127,0,10
21-10-2025,Uttar Pradesh,Shahjahanpur,242407,0,11
22-10-2025,Uttar Pradesh,Shahjahanpur,242001,1,5
22-10-2025,Uttar Pradesh,Shahjahanpur,242307,0,1
23-10-2025,Uttar Pradesh,Shahjahanpur,242301,0,4
20-10-2025,Uttar Pradesh,Shahjahanpur,242123,1,0
20-10-2025,Uttar Pradesh,Shahjahanpur,242306,1,3
20-10-2025,Uttar Pradesh,Shahjahanpur,242406,0,4
20-10-2025,Uttar Pradesh,Shahjahanpur,242407,2,7
24-10-2025,Uttar Pradesh,Shahjahanpur,242301,11,51
24-10-2025,Uttar Pradesh,Shahjahanpur,242305,3,47
24-10-2025,Uttar Pradesh,Shahjahanpur,242306,3,18
24-10-2025,Uttar Pradesh,Shahjahanpur,242401,6,54
25-10-2025,Uttar Pradesh,Shahjahanpur,242042,5,23
25-10-2025,Uttar Pradesh,Shahjahanpur,242305,1,12
25-10-2025,Uttar Pradesh,Shahjahanpur,242405,1,15
27-10-2025,Uttar Pradesh,Shahjahanpur,242220,1,17
27-10-2025,Uttar Pradesh,Shahjahanpur,242223,4,18
27-10-2025,Uttar Pradesh,Shahjahanpur,242305,3,10
27-10-2025,Uttar Pradesh,Shahjahanpur,242307,6,55
27-10-2025,Uttar Pradesh,Shahjahanpur,242405,1,17
28-10-2025,Uttar Pradesh,Shahjahanpur,242127,8,56
28-10-2025,Uttar Pradesh,Shahjahanpur,242221,10,113
28-10-2025,Uttar Pradesh,Shahjahanpur,242223,1,22
28-10-2025,Uttar Pradesh,Shahjahanpur,242401,12,65
12-11-2025,Uttar Pradesh,Shahjahanpur,242123,0,4
21-12-2025,Uttar Pradesh,Shahjahanpur,242123,0,1
29-12-2025,Uttar Pradesh,Shahjahanpur,242123,0,4
29-12-2025,Uttar Pradesh,Shahjahanpur,242401,4,58
31-12-2025,Uttar Pradesh,Shahjahanpur,242042,2,44
31-12-2025,Uttar Pradesh,Shahjahanpur,242223,0,20
31-12-2025,Uttar Pradesh,Shahjahanpur,242301,2,47
31-12-2025,Uttar Pradesh,Shahjahanpur,242303,2,40
31-12-2025,Uttar Pradesh,Shahjahanpur,242401,2,90
28-12-2025,Uttar Pradesh,Shahjahanpur,242042,2,27
28-12-2025,Uttar Pradesh,Shahjahanpur,242303,5,33
28-12-2025,Uttar Pradesh,Shahjahanpur,242306,0,19
01-01-2026,Uttar Pradesh,Shahjahanpur,242223,0,11
01-01-2026,Uttar Pradesh,Shahjahanpur,242226,0,5
03-01-2026,Uttar Pradesh,Shahjahanpur,242001,2,67
03-01-2026,Uttar Pradesh,Shahjahanpur,242042,0,15
03-01-2026,Uttar Pradesh,Shahjahanpur,242220,0,7
03-01-2026,Uttar Pradesh,Shahjahanpur,242301,0,17
03-01-2026,Uttar Pradesh,Shahjahanpur,242303,0,4
03-01-2026,Uttar Pradesh,Shahjahanpur,242305,0,7
02-01-2026,Uttar Pradesh,Shahjahanpur,242221,6,58
02-01-2026,Uttar Pradesh,Shahjahanpur,242301,3,40
02-01-2026,Uttar Pradesh,Shahjahanpur,242303,0,21
23-12-2025,Uttar Pradesh,Shahjahanpur,242223,1,22
23-12-2025,Uttar Pradesh,Shahjahanpur,242226,1,3
24-12-2025,Uttar Pradesh,Shahjahanpur,242123,0,6
24-12-2025,Uttar Pradesh,Shahjahanpur,242127,2,36
24-12-2025,Uttar Pradesh,Shahjahanpur,242305,0,34
24-12-2025,Uttar Pradesh,Shahjahanpur,242406,1,21
18-12-2025,Uttar Pradesh,Shahjahanpur,242001,24,321
18-12-2025,Uttar Pradesh,Shahjahanpur,242220,1,16
18-12-2025,Uttar Pradesh,Shahjahanpur,242223,3,19
18-12-2025,Uttar Pradesh,Shahjahanpur,242305,2,42
21-12-2025,Uttar Pradesh,Shahjahanpur,242127,1,19
21-12-2025,Uttar Pradesh,Shahjahanpur,242220,0,14
21-12-2025,Uttar Pradesh,Shahjahanpur,242303,0,13
21-12-2025,Uttar Pradesh,Shahjahanpur,242305,1,15
20-12-2025,Uttar Pradesh,Shahjahanpur,242001,11,146
20-12-2025,Uttar Pradesh,Shahjahanpur,242303,0,23
20-12-2025,Uttar Pradesh,Shahjahanpur,242305,2,16
25-12-2025,Uttar Pradesh,Shahjahanpur,242042,0,25
25-12-2025,Uttar Pradesh,Shahjahanpur,242306,0,12
25-12-2025,Uttar Pradesh,Shahjahanpur,242406,1,20
25-12-2025,Uttar Pradesh,Shahjahanpur,242407,0,42
26-12-2025,Uttar Pradesh,Shahjahanpur,242220,3,13
26-12-2025,Uttar Pradesh,Shahjahanpur,242221,9,108
27-12-2025,Uttar Pradesh,Shahjahanpur,242127,1,41
27-12-2025,Uttar Pradesh,Shahjahanpur,242220,0,13
27-12-2025,Uttar Pradesh,Shahjahanpur,242306,2,22
19-12-2025,Uttar Pradesh,Shahjahanpur,242127,5,55
19-12-2025,Uttar Pradesh,Shahjahanpur,242306,2,10
22-12-2025,Uttar Pradesh,Shahjahanpur,242001,15,234
16-12-2025,Uttar Pradesh,Shahjahanpur,242001,15,327
16-12-2025,Uttar Pradesh,Shahjahanpur,242127,4,59
16-12-2025,Uttar Pradesh,Shahjahanpur,242226,0,4
16-12-2025,Uttar Pradesh,Shahjahanpur,242301,5,64
16-12-2025,Uttar Pradesh,Shahjahanpur,242303,4,37
16-12-2025,Uttar Pradesh,Shahjahanpur,242407,6,55
17-12-2025,Uttar Pradesh,Shahjahanpur,242303,0,29
17-12-2025,Uttar Pradesh,Shahjahanpur,242401,6,56
10-12-2025,Uttar Pradesh,Shahjahanpur,242123,0,4
10-12-2025,Uttar Pradesh,Shahjahanpur,242301,1,74
10-12-2025,Uttar Pradesh,Shahjahanpur,242305,1,40
10-12-2025,Uttar Pradesh,Shahjahanpur,242401,1,86
15-12-2025,Uttar Pradesh,Shahjahanpur,242001,22,314
15-12-2025,Uttar Pradesh,Shahjahanpur,242042,1,62
15-12-2025,Uttar Pradesh,Shahjahanpur,242123,0,8
15-12-2025,Uttar Pradesh,Shahjahanpur,242305,1,38
15-12-2025,Uttar Pradesh,Shahjahanpur,242306,2,43
08-12-2025,Uttar Pradesh,Shahjahanpur,242001,32,416
08-12-2025,Uttar Pradesh,Shahjahanpur,242220,0,52
08-12-2025,Uttar Pradesh,Shahjahanpur,242303,2,58
08-12-2025,Uttar Pradesh,Shahjahanpur,242307,4,106
08-12-2025,Uttar Pradesh,Shahjahanpur,242405,1,46
09-12-2025,Uttar Pradesh,Shahjahanpur,242305,3,31
09-12-2025,Uttar Pradesh,Shahjahanpur,242401,4,97
12-12-2025,Uttar Pradesh,Shahjahanpur,242127,3,58
12-12-2025,Uttar Pradesh,Shahjahanpur,242301,10,94
03-12-2025,Uttar Pradesh,Shahjahanpur,242127,6,42
03-12-2025,Uttar Pradesh,Shahjahanpur,242305,0,33
04-12-2025,Uttar Pradesh,Shahjahanpur,242001,13,365
04-12-2025,Uttar Pradesh,Shahjahanpur,242042,0,49
04-12-2025,Uttar Pradesh,Shahjahanpur,242220,0,12
04-12-2025,Uttar Pradesh,Shahjahanpur,242405,2,27
06-12-2025,Uttar Pradesh,Shahjahanpur,242306,2,33
06-12-2025,Uttar Pradesh,Shahjahanpur,242407,5,74
05-12-2025,Uttar Pradesh,Shahjahanpur,242127,3,64
05-12-2025,Uttar Pradesh,Shahjahanpur,242301,8,64
05-12-2025,Uttar Pradesh,Shahjahanpur,242305,2,30
05-12-2025,Uttar Pradesh,Shahjahanpur,242307,3,88
14-12-2025,Uttar Pradesh,Shahjahanpur,242223,0,5
14-12-2025,Uttar Pradesh,Shahjahanpur,242306,1,15
14-12-2025,Uttar Pradesh,Shahjahanpur,242307,3,50
13-12-2025,Uttar Pradesh,Shahjahanpur,242123,0,2
13-12-2025,Uttar Pradesh,Shahjahanpur,242127,3,68
13-12-2025,Uttar Pradesh,Shahjahanpur,242220,1,12
13-12-2025,Uttar Pradesh,Shahjahanpur,242221,11,136
13-12-2025,Uttar Pradesh,Shahjahanpur,242303,2,26
13-12-2025,Uttar Pradesh,Shahjahanpur,242305,1,35
13-12-2025,Uttar Pradesh,Shahjahanpur,242307,2,71
11-12-2025,Uttar Pradesh,Shahjahanpur,242306,0,40
07-12-2025,Uttar Pradesh,Shahjahanpur,242305,5,27
09-11-2025,Uttar Pradesh,Shahjahanpur,242221,2,41
09-11-2025,Uttar Pradesh,Shahjahanpur,242123,0,1
10-11-2025,Uttar Pradesh,Shahjahanpur,242042,2,52
10-11-2025,Uttar Pradesh,Shahjahanpur,242220,4,7
10-11-2025,Uttar Pradesh,Shahjahanpur,242303,0,17
10-11-2025,Uttar Pradesh,Shahjahanpur,242307,0,55
10-11-2025,Uttar Pradesh,Shahjahanpur,242401,2,98
12-11-2025,Uttar Pradesh,Shahjahanpur,242220,0,7
11-11-2025,Uttar Pradesh,Shahjahanpur,242301,2,107
11-11-2025,Uttar Pradesh,Shahjahanpur,242306,2,39
11-11-2025,Uttar Pradesh,Shahjahanpur,242307,3,103
11-11-2025,Uttar Pradesh,Shahjahanpur,242406,2,34
13-11-2025,Uttar Pradesh,Shahjahanpur,242001,21,349
13-11-2025,Uttar Pradesh,Shahjahanpur,242401,6,68
13-11-2025,Uttar Pradesh,Shahjahanpur,242405,1,22
13-11-2025,Uttar Pradesh,Shahjahanpur,242407,2,37
17-11-2025,Uttar Pradesh,Shahjahanpur,242301,7,104
06-11-2025,Uttar Pradesh,Shahjahanpur,242303,2,32
06-11-2025,Uttar Pradesh,Shahjahanpur,242401,7,96
05-11-2025,Uttar Pradesh,Shahjahanpur,242001,10,144
05-11-2025,Uttar Pradesh,Shahjahanpur,242305,0,29
05-11-2025,Uttar Pradesh,Shahjahanpur,242407,1,34
04-11-2025,Uttar Pradesh,Shahjahanpur,242042,6,66
04-11-2025,Uttar Pradesh,Shahjahanpur,242306,5,38
04-11-2025,Uttar Pradesh,Shahjahanpur,242406,2,34
04-11-2025,Uttar Pradesh,Shahjahanpur,242407,4,46
07-11-2025,Uttar Pradesh,Shahjahanpur,242306,1,32
07-11-2025,Uttar Pradesh,Shahjahanpur,242307,3,66
07-11-2025,Uttar Pradesh,Shahjahanpur,242401,10,95
14-11-2025,Uttar Pradesh,Shahjahanpur,242303,2,16
14-11-2025,Uttar Pradesh,Shahjahanpur,242305,1,45
14-11-2025,Uttar Pradesh,Shahjahanpur,242306,1,35
14-11-2025,Uttar Pradesh,Shahjahanpur,242405,1,37
14-11-2025,Uttar Pradesh,Shahjahanpur,242407,4,55
15-11-2025,Uttar Pradesh,Shahjahanpur,242220,0,4
15-11-2025,Uttar Pradesh,Shahjahanpur,242303,3,24
15-11-2025,Uttar Pradesh,Shahjahanpur,242305,0,50
15-11-2025,Uttar Pradesh,Shahjahanpur,242306,3,34
15-11-2025,Uttar Pradesh,Shahjahanpur,242307,4,108
15-11-2025,Uttar Pradesh,Shahjahanpur,242407,5,41
18-11-2025,Uttar Pradesh,Shahjahanpur,242223,2,27
18-11-2025,Uttar Pradesh,Shahjahanpur,242301,2,74
18-11-2025,Uttar Pradesh,Shahjahanpur,242407,2,48
19-11-2025,Uttar Pradesh,Shahjahanpur,242221,9,151
19-11-2025,Uttar Pradesh,Shahjahanpur,242301,9,109
19-11-2025,Uttar Pradesh,Shahjahanpur,242303,2,34
19-11-2025,Uttar Pradesh,Shahjahanpur,242305,7,49
19-11-2025,Uttar Pradesh,Shahjahanpur,242307,2,96
20-11-2025,Uttar Pradesh,Shahjahanpur,242305,6,43
21-11-2025,Uttar Pradesh,Shahjahanpur,242001,10,306
21-11-2025,Uttar Pradesh,Shahjahanpur,242226,0,6
21-11-2025,Uttar Pradesh,Shahjahanpur,242306,3,27
01-11-2025,Uttar Pradesh,Shahjahanpur,242127,7,56
01-11-2025,Uttar Pradesh,Shahjahanpur,242223,1,26
01-11-2025,Uttar Pradesh,Shahjahanpur,242306,0,25
01-11-2025,Uttar Pradesh,Shahjahanpur,242405,2,34
01-11-2025,Uttar Pradesh,Shahjahanpur,242406,2,26
02-11-2025,Uttar Pradesh,Shahjahanpur,242001,8,87
02-11-2025,Uttar Pradesh,Shahjahanpur,242223,0,7
02-11-2025,Uttar Pradesh,Shahjahanpur,242226,0,1
02-11-2025,Uttar Pradesh,Shahjahanpur,242305,2,7
02-11-2025,Uttar Pradesh,Shahjahanpur,242306,3,10
03-11-2025,Uttar Pradesh,Shahjahanpur,242001,21,300
03-11-2025,Uttar Pradesh,Shahjahanpur,242303,5,35
30-10-2025,Uttar Pradesh,Shahjahanpur,242001,21,233
30-10-2025,Uttar Pradesh,Shahjahanpur,242127,6,57
30-10-2025,Uttar Pradesh,Shahjahanpur,242223,2,19
30-10-2025,Uttar Pradesh,Shahjahanpur,242305,0,51
29-10-2025,Uttar Pradesh,Shahjahanpur,242221,7,157
29-10-2025,Uttar Pradesh,Shahjahanpur,242406,5,64
31-10-2025,Uttar Pradesh,Shahjahanpur,242001,15,292
31-10-2025,Uttar Pradesh,Shahjahanpur,242042,3,57
31-10-2025,Uttar Pradesh,Shahjahanpur,242127,4,59
31-10-2025,Uttar Pradesh,Shahjahanpur,242303,2,45
31-10-2025,Uttar Pradesh,Shahjahanpur,242305,3,38
23-11-2025,Uttar Pradesh,Shahjahanpur,242001,5,185
23-11-2025,Uttar Pradesh,Shahjahanpur,242127,2,25
23-11-2025,Uttar Pradesh,Shahjahanpur,242220,0,9
23-11-2025,Uttar Pradesh,Shahjahanpur,242303,0,11
23-11-2025,Uttar Pradesh,Shahjahanpur,242305,0,4
29-11-2025,Uttar Pradesh,Shahjahanpur,242042,0,56
29-11-2025,Uttar Pradesh,Shahjahanpur,242226,2,2
29-11-2025,Uttar Pradesh,Shahjahanpur,242401,3,81
28-11-2025,Uttar Pradesh,Shahjahanpur,242226,0,2
28-11-2025,Uttar Pradesh,Shahjahanpur,242406,0,30
28-11-2025,Uttar Pradesh,Shahjahanpur,242407,3,47
22-11-2025,Uttar Pradesh,Shahjahanpur,242123,0,3
24-11-2025,Uttar Pradesh,Shahjahanpur,242042,1,27
26-11-2025,Uttar Pradesh,Shahjahanpur,242001,16,435
26-11-2025,Uttar Pradesh,Shahjahanpur,242123,0,6
26-11-2025,Uttar Pradesh,Shahjahanpur,242220,1,5
26-11-2025,Uttar Pradesh,Shahjahanpur,242401,6,85
26-11-2025,Uttar Pradesh,Shahjahanpur,242406,1,23
25-11-2025,Uttar Pradesh,Shahjahanpur,242223,4,14
25-11-2025,Uttar Pradesh,Shahjahanpur,242226,0,2
25-11-2025,Uttar Pradesh,Shahjahanpur,242303,4,48
25-11-2025,Uttar Pradesh,Shahjahanpur,242306,0,32
25-11-2025,Uttar Pradesh,Shahjahanpur,242307,2,104
25-11-2025,Uttar Pradesh,Shahjahanpur,242405,1,44
25-11-2025,Uttar Pradesh,Shahjahanpur,242406,1,14
01-12-2025,Uttar Pradesh,Shahjahanpur,242042,3,54
01-12-2025,Uttar Pradesh,Shahjahanpur,242301,5,65
01-12-2025,Uttar Pradesh,Shahjahanpur,242303,0,32
02-12-2025,Uttar Pradesh,Shahjahanpur,242001,19,404
02-12-2025,Uttar Pradesh,Shahjahanpur,242223,2,13
27-11-2025,Uttar Pradesh,Shahjahanpur,242123,0,7
27-11-2025,Uttar Pradesh,Shahjahanpur,242405,2,41
30-11-2025,Uttar Pradesh,Shahjahanpur,242123,0,1
30-11-2025,Uttar Pradesh,Shahjahanpur,242226,0,3
30-11-2025,Uttar Pradesh,Shahjahanpur,242307,6,80
30-11-2025,Uttar Pradesh,Shahjahanpur,242401,0,38
01-03-2025,Uttar Pradesh,Shahjahanpur,242305,83,1029
01-09-2025,Uttar Pradesh,Shahjahanpur,242303,21,61
01-09-2025,Uttar Pradesh,Shahjahanpur,242305,15,63
01-09-2025,Uttar Pradesh,Shahjahanpur,242405,5,12
02-09-2025,Uttar Pradesh,Shahjahanpur,242001,56,315
02-09-2025,Uttar Pradesh,Shahjahanpur,242127,32,81
02-09-2025,Uttar Pradesh,Shahjahanpur,242221,44,121
02-09-2025,Uttar Pradesh,Shahjahanpur,242223,1,29
02-09-2025,Uttar Pradesh,Shahjahanpur,242406,9,45
03-09-2025,Uttar Pradesh,Shahjahanpur,242307,17,109
03-09-2025,Uttar Pradesh,Shahjahanpur,242401,37,147
03-09-2025,Uttar Pradesh,Shahjahanpur,242405,11,51
05-09-2025,Uttar Pradesh,Shahjahanpur,242220,2,10
05-09-2025,Uttar Pradesh,Shahjahanpur,242226,1,3
05-09-2025,Uttar Pradesh,Shahjahanpur,242303,20,50
04-09-2025,Uttar Pradesh,Shahjahanpur,242042,21,74
04-09-2025,Uttar Pradesh,Shahjahanpur,242223,5,29
04-09-2025,Uttar Pradesh,Shahjahanpur,242301,14,85
04-09-2025,Uttar Pradesh,Shahjahanpur,242307,15,71
04-09-2025,Uttar Pradesh,Shahjahanpur,242405,12,56
07-09-2025,Uttar Pradesh,Shahjahanpur,242401,7,57
07-09-2025,Uttar Pradesh,Shahjahanpur,242405,3,17
07-09-2025,Uttar Pradesh,Shahjahanpur,242406,2,10
07-09-2025,Uttar Pradesh,Shahjahanpur,242407,5,33
06-09-2025,Uttar Pradesh,Shahjahanpur,242303,13,47
06-09-2025,Uttar Pradesh,Shahjahanpur,242305,7,38
09-09-2025,Uttar Pradesh,Shahjahanpur,242042,17,93
09-09-2025,Uttar Pradesh,Shahjahanpur,242220,3,15
09-09-2025,Uttar Pradesh,Shahjahanpur,242221,30,155
09-09-2025,Uttar Pradesh,Shahjahanpur,242226,1,5
09-09-2025,Uttar Pradesh,Shahjahanpur,242303,19,58
09-09-2025,Uttar Pradesh,Shahjahanpur,242305,4,41
09-09-2025,Uttar Pradesh,Shahjahanpur,242407,12,68
08-09-2025,Uttar Pradesh,Shahjahanpur,242306,11,38
08-09-2025,Uttar Pradesh,Shahjahanpur,242405,7,49
11-09-2025,Uttar Pradesh,Shahjahanpur,242123,0,6
11-09-2025,Uttar Pradesh,Shahjahanpur,242223,9,28
11-09-2025,Uttar Pradesh,Shahjahanpur,242226,2,1
11-09-2025,Uttar Pradesh,Shahjahanpur,242307,12,79
11-09-2025,Uttar Pradesh,Shahjahanpur,242406,11,50
12-09-2025,Uttar Pradesh,Shahjahanpur,242123,2,14
13-09-2025,Uttar Pradesh,Shahjahanpur,242001,33,240
13-09-2025,Uttar Pradesh,Shahjahanpur,242042,4,40
13-09-2025,Uttar Pradesh,Shahjahanpur,242405,4,25
15-09-2025,Uttar Pradesh,Shahjahanpur,242042,6,54
15-09-2025,Uttar Pradesh,Shahjahanpur,242303,11,43
15-09-2025,Uttar Pradesh,Shahjahanpur,242307,9,68
15-09-2025,Uttar Pradesh,Shahjahanpur,242401,15,82
14-09-2025,Uttar Pradesh,Shahjahanpur,242123,0,2
14-09-2025,Uttar Pradesh,Shahjahanpur,242226,0,1
16-09-2025,Uttar Pradesh,Shahjahanpur,242001,30,196
16-09-2025,Uttar Pradesh,Shahjahanpur,242220,13,50
16-09-2025,Uttar Pradesh,Shahjahanpur,242307,3,54
18-09-2025,Uttar Pradesh,Shahjahanpur,242123,0,6
18-09-2025,Uttar Pradesh,Shahjahanpur,242406,8,38
17-09-2025,Uttar Pradesh,Shahjahanpur,242001,22,274
17-09-2025,Uttar Pradesh,Shahjahanpur,242220,1,16
17-09-2025,Uttar Pradesh,Shahjahanpur,242301,20,69
17-09-2025,Uttar Pradesh,Shahjahanpur,242307,10,58
19-09-2025,Uttar Pradesh,Shahjahanpur,242123,2,3
19-09-2025,Uttar Pradesh,Shahjahanpur,242307,11,82
19-09-2025,Uttar Pradesh,Shahjahanpur,242406,5,39
13-10-2025,Uttar Pradesh,Shahjahanpur,242127,2,29
13-10-2025,Uttar Pradesh,Shahjahanpur,242226,0,1
13-10-2025,Uttar Pradesh,Shahjahanpur,242303,0,21
13-10-2025,Uttar Pradesh,Shahjahanpur,242405,1,14
20-09-2025,Uttar Pradesh,Shahjahanpur,242123,0,5
20-09-2025,Uttar Pradesh,Shahjahanpur,242221,21,108
20-09-2025,Uttar Pradesh,Shahjahanpur,242305,7,43
15-10-2025,Uttar Pradesh,Shahjahanpur,242001,26,257
15-10-2025,Uttar Pradesh,Shahjahanpur,242303,10,35
15-10-2025,Uttar Pradesh,Shahjahanpur,242305,4,19
15-10-2025,Uttar Pradesh,Shahjahanpur,242405,1,19
16-10-2025,Uttar Pradesh,Shahjahanpur,242303,8,51
16-10-2025,Uttar Pradesh,Shahjahanpur,242307,1,78
16-10-2025,Uttar Pradesh,Shahjahanpur,242405,1,37
26-10-2025,Uttar Pradesh,Shahjahanpur,242042,4,61
26-10-2025,Uttar Pradesh,Shahjahanpur,242401,3,115
26-10-2025,Uttar Pradesh,Shahjahanpur,242406,2,64
20-10-2025,Uttar Pradesh,Shahjahanpur,242001,8,52
20-10-2025,Uttar Pradesh,Shahjahanpur,242226,0,1
20-10-2025,Uttar Pradesh,Shahjahanpur,242405,2,10
21-10-2025,Uttar Pradesh,Shahjahanpur,242226,0,1
21-10-2025,Uttar Pradesh,Shahjahanpur,242401,3,12
21-10-2025,Uttar Pradesh,Shahjahanpur,242406,1,2
18-10-2025,Uttar Pradesh,Shahjahanpur,242221,10,70
18-10-2025,Uttar Pradesh,Shahjahanpur,242306,0,28
18-10-2025,Uttar Pradesh,Shahjahanpur,242405,1,19
17-10-2025,Uttar Pradesh,Shahjahanpur,242001,11,190
17-10-2025,Uttar Pradesh,Shahjahanpur,242220,2,13
17-10-2025,Uttar Pradesh,Shahjahanpur,242221,15,62
17-10-2025,Uttar Pradesh,Shahjahanpur,242301,4,45
17-10-2025,Uttar Pradesh,Shahjahanpur,242406,4,32
19-10-2025,Uttar Pradesh,Shahjahanpur,242127,3,39
19-10-2025,Uttar Pradesh,Shahjahanpur,242220,2,7
19-10-2025,Uttar Pradesh,Shahjahanpur,242305,7,25
19-10-2025,Uttar Pradesh,Shahjahanpur,242307,3,59
19-10-2025,Uttar Pradesh,Shahjahanpur,242406,1,16
19-10-2025,Uttar Pradesh,Shahjahanpur,242407,4,35
23-10-2025,Uttar Pradesh,Shahjahanpur,242001,3,10
22-10-2025,Uttar Pradesh,Shahjahanpur,242305,0,2
24-10-2025,Uttar Pradesh,Shahjahanpur,242001,18,169
24-10-2025,Uttar Pradesh,Shahjahanpur,242223,2,20
25-10-2025,Uttar Pradesh,Shahjahanpur,242001,18,119
25-10-2025,Uttar Pradesh,Shahjahanpur,242223,2,12
25-10-2025,Uttar Pradesh,Shahjahanpur,242303,1,16
25-10-2025,Uttar Pradesh,Shahjahanpur,242307,5,40
25-10-2025,Uttar Pradesh,Shahjahanpur,242401,5,49
25-10-2025,Uttar Pradesh,Shahjahanpur,242406,1,11
27-10-2025,Uttar Pradesh,Shahjahanpur,242042,4,23
27-10-2025,Uttar Pradesh,Shahjahanpur,242127,4,44
27-10-2025,Uttar Pradesh,Shahjahanpur,242306,2,30
27-10-2025,Uttar Pradesh,Shahjahanpur,242407,5,24
28-10-2025,Uttar Pradesh,Shahjahanpur,242042,3,39
28-10-2025,Uttar Pradesh,Shahjahanpur,242305,7,26
28-10-2025,Uttar Pradesh,Shahjahanpur,242407,4,56
29-12-2025,Uttar Pradesh,Shahjahanpur,242127,4,62
29-12-2025,Uttar Pradesh,Shahjahanpur,242220,2,12
29-12-2025,Uttar Pradesh,Shahjahanpur,242221,7,100
29-12-2025,Uttar Pradesh,Shahjahanpur,242223,3,16
29-12-2025,Uttar Pradesh,Shahjahanpur,242405,6,32
03-01-2026,Uttar Pradesh,Shahjahanpur,242221,0,27
15-12-2025,Uttar Pradesh,Shahjahanpur,242127,2,68
15-12-2025,Uttar Pradesh,Shahjahanpur,242406,4,23
15-12-2025,Uttar Pradesh,Shahjahanpur,242407,2,71
08-12-2025,Uttar Pradesh,Shahjahanpur,242127,3,71
08-12-2025,Uttar Pradesh,Shahjahanpur,242221,10,163
09-12-2025,Uttar Pradesh,Shahjahanpur,242001,27,402
09-12-2025,Uttar Pradesh,Shahjahanpur,242042,2,62
09-12-2025,Uttar Pradesh,Shahjahanpur,242127,3,87
09-12-2025,Uttar Pradesh,Shahjahanpur,242223,1,36
10-12-2025,Uttar Pradesh,Shahjahanpur,242127,5,70
10-12-2025,Uttar Pradesh,Shahjahanpur,242307,2,113
10-12-2025,Uttar Pradesh,Shahjahanpur,242407,3,64
11-12-2025,Uttar Pradesh,Shahjahanpur,242123,0,5
11-12-2025,Uttar Pradesh,Shahjahanpur,242220,1,16
11-12-2025,Uttar Pradesh,Shahjahanpur,242307,5,90
11-12-2025,Uttar Pradesh,Shahjahanpur,242401,6,71
28-12-2025,Uttar Pradesh,Shahjahanpur,242127,3,26
23-12-2025,Uttar Pradesh,Shahjahanpur,242001,22,357
23-12-2025,Uttar Pradesh,Shahjahanpur,242303,0,40
23-12-2025,Uttar Pradesh,Shahjahanpur,242306,2,30
23-12-2025,Uttar Pradesh,Shahjahanpur,242407,5,61
27-12-2025,Uttar Pradesh,Shahjahanpur,242123,0,4
27-12-2025,Uttar Pradesh,Shahjahanpur,242226,0,3
13-12-2025,Uttar Pradesh,Shahjahanpur,242223,1,22
13-12-2025,Uttar Pradesh,Shahjahanpur,242226,0,3
13-12-2025,Uttar Pradesh,Shahjahanpur,242306,2,33
14-12-2025,Uttar Pradesh,Shahjahanpur,242123,0,3
14-12-2025,Uttar Pradesh,Shahjahanpur,242303,1,19
14-12-2025,Uttar Pradesh,Shahjahanpur,242407,2,31
20-12-2025,Uttar Pradesh,Shahjahanpur,242042,2,30
20-12-2025,Uttar Pradesh,Shahjahanpur,242301,4,57
20-12-2025,Uttar Pradesh,Shahjahanpur,242307,4,38
20-12-2025,Uttar Pradesh,Shahjahanpur,242405,2,20
20-12-2025,Uttar Pradesh,Shahjahanpur,242406,1,19
21-12-2025,Uttar Pradesh,Shahjahanpur,242301,0,20
21-12-2025,Uttar Pradesh,Shahjahanpur,242306,0,8
22-12-2025,Uttar Pradesh,Shahjahanpur,242042,0,43
22-12-2025,Uttar Pradesh,Shahjahanpur,242221,7,102
22-12-2025,Uttar Pradesh,Shahjahanpur,242223,2,15
22-12-2025,Uttar Pradesh,Shahjahanpur,242401,7,78
22-12-2025,Uttar Pradesh,Shahjahanpur,242405,4,36
17-12-2025,Uttar Pradesh,Shahjahanpur,242221,5,119
17-12-2025,Uttar Pradesh,Shahjahanpur,242223,1,19
17-12-2025,Uttar Pradesh,Shahjahanpur,242305,1,27
16-12-2025,Uttar Pradesh,Shahjahanpur,242123,0,6
31-12-2025,Uttar Pradesh,Shahjahanpur,242127,6,44
31-12-2025,Uttar Pradesh,Shahjahanpur,242305,5,19
24-12-2025,Uttar Pradesh,Shahjahanpur,242221,8,113
24-12-2025,Uttar Pradesh,Shahjahanpur,242223,0,29
02-01-2026,Uttar Pradesh,Shahjahanpur,242001,21,167
02-01-2026,Uttar Pradesh,Shahjahanpur,242405,0,20
02-01-2026,Uttar Pradesh,Shahjahanpur,242407,2,30
25-12-2025,Uttar Pradesh,Shahjahanpur,242001,7,220
25-12-2025,Uttar Pradesh,Shahjahanpur,242127,1,35
25-12-2025,Uttar Pradesh,Shahjahanpur,242221,3,65
26-12-2025,Uttar Pradesh,Shahjahanpur,242307,6,72
26-12-2025,Uttar Pradesh,Shahjahanpur,242401,7,61
26-12-2025,Uttar Pradesh,Shahjahanpur,242407,4,46
18-12-2025,Uttar Pradesh,Shahjahanpur,242123,0,4
18-12-2025,Uttar Pradesh,Shahjahanpur,242301,3,84
18-12-2025,Uttar Pradesh,Shahjahanpur,242303,3,23
18-12-2025,Uttar Pradesh,Shahjahanpur,242307,5,77
18-12-2025,Uttar Pradesh,Shahjahanpur,242405,5,33
19-12-2025,Uttar Pradesh,Shahjahanpur,242001,15,258
19-12-2025,Uttar Pradesh,Shahjahanpur,242042,0,38
19-12-2025,Uttar Pradesh,Shahjahanpur,242223,0,14
19-12-2025,Uttar Pradesh,Shahjahanpur,242301,5,50
19-12-2025,Uttar Pradesh,Shahjahanpur,242405,0,21
19-12-2025,Uttar Pradesh,Shahjahanpur,242407,3,33
12-12-2025,Uttar Pradesh,Shahjahanpur,242001,21,334
12-12-2025,Uttar Pradesh,Shahjahanpur,242220,0,15
12-12-2025,Uttar Pradesh,Shahjahanpur,242223,1,20
12-12-2025,Uttar Pradesh,Shahjahanpur,242226,0,1
03-12-2025,Uttar Pradesh,Shahjahanpur,242220,2,18
03-12-2025,Uttar Pradesh,Shahjahanpur,242306,0,28
03-12-2025,Uttar Pradesh,Shahjahanpur,242407,2,53
04-12-2025,Uttar Pradesh,Shahjahanpur,242307,3,87
06-12-2025,Uttar Pradesh,Shahjahanpur,242123,0,6
06-12-2025,Uttar Pradesh,Shahjahanpur,242301,8,88
06-12-2025,Uttar Pradesh,Shahjahanpur,242307,6,96
06-12-2025,Uttar Pradesh,Shahjahanpur,242401,7,89
05-12-2025,Uttar Pradesh,Shahjahanpur,242001,16,336
05-12-2025,Uttar Pradesh,Shahjahanpur,242123,1,5
05-12-2025,Uttar Pradesh,Shahjahanpur,242303,2,45
05-12-2025,Uttar Pradesh,Shahjahanpur,242407,5,55
07-12-2025,Uttar Pradesh,Shahjahanpur,242123,0,5
07-12-2025,Uttar Pradesh,Shahjahanpur,242220,0,4
07-12-2025,Uttar Pradesh,Shahjahanpur,242303,1,22
07-12-2025,Uttar Pradesh,Shahjahanpur,242405,0,24
06-11-2025,Uttar Pradesh,Shahjahanpur,242123,0,4
06-11-2025,Uttar Pradesh,Shahjahanpur,242127,5,59
06-11-2025,Uttar Pradesh,Shahjahanpur,242306,1,27
06-11-2025,Uttar Pradesh,Shahjahanpur,242407,5,56
04-11-2025,Uttar Pradesh,Shahjahanpur,242223,1,30
04-11-2025,Uttar Pradesh,Shahjahanpur,242405,1,26
05-11-2025,Uttar Pradesh,Shahjahanpur,242123,0,3
05-11-2025,Uttar Pradesh,Shahjahanpur,242301,2,42
05-11-2025,Uttar Pradesh,Shahjahanpur,242303,2,26
07-11-2025,Uttar Pradesh,Shahjahanpur,242226,1,7
07-11-2025,Uttar Pradesh,Shahjahanpur,242406,2,34
12-11-2025,Uttar Pradesh,Shahjahanpur,242127,3,44
12-11-2025,Uttar Pradesh,Shahjahanpur,242305,0,38
14-11-2025,Uttar Pradesh,Shahjahanpur,242123,0,1
14-11-2025,Uttar Pradesh,Shahjahanpur,242220,1,7
14-11-2025,Uttar Pradesh,Shahjahanpur,242226,1,3
14-11-2025,Uttar Pradesh,Shahjahanpur,242301,3,86
13-11-2025,Uttar Pradesh,Shahjahanpur,242127,6,42
13-11-2025,Uttar Pradesh,Shahjahanpur,242220,1,9
13-11-2025,Uttar Pradesh,Shahjahanpur,242301,3,103
13-11-2025,Uttar Pradesh,Shahjahanpur,242303,0,28
08-11-2025,Uttar Pradesh,Shahjahanpur,242127,5,61
08-11-2025,Uttar Pradesh,Shahjahanpur,242220,3,10
08-11-2025,Uttar Pradesh,Shahjahanpur,242306,2,26
08-11-2025,Uttar Pradesh,Shahjahanpur,242401,2,56
08-11-2025,Uttar Pradesh,Shahjahanpur,242407,5,43
09-11-2025,Uttar Pradesh,Shahjahanpur,242127,2,14
09-11-2025,Uttar Pradesh,Shahjahanpur,242220,2,85
09-11-2025,Uttar Pradesh,Shahjahanpur,242226,0,2
09-11-2025,Uttar Pradesh,Shahjahanpur,242307,2,49
09-11-2025,Uttar Pradesh,Shahjahanpur,242401,1,21
10-11-2025,Uttar Pradesh,Shahjahanpur,242223,2,27
10-11-2025,Uttar Pradesh,Shahjahanpur,242226,1,4
10-11-2025,Uttar Pradesh,Shahjahanpur,242305,1,38
11-11-2025,Uttar Pradesh,Shahjahanpur,242001,29,319
11-11-2025,Uttar Pradesh,Shahjahanpur,242127,9,58
11-11-2025,Uttar Pradesh,Shahjahanpur,242220,0,8
11-11-2025,Uttar Pradesh,Shahjahanpur,242226,0,3
11-11-2025,Uttar Pradesh,Shahjahanpur,242401,6,93
11-11-2025,Uttar Pradesh,Shahjahanpur,242405,4,31
21-11-2025,Uttar Pradesh,Shahjahanpur,242042,0,36
21-11-2025,Uttar Pradesh,Shahjahanpur,242123,0,4
21-11-2025,Uttar Pradesh,Shahjahanpur,242127,5,50
21-11-2025,Uttar Pradesh,Shahjahanpur,242221,6,85
21-11-2025,Uttar Pradesh,Shahjahanpur,242307,4,62
21-11-2025,Uttar Pradesh,Shahjahanpur,242405,0,24
21-11-2025,Uttar Pradesh,Shahjahanpur,242406,1,25
16-11-2025,Uttar Pradesh,Shahjahanpur,242127,2,18
16-11-2025,Uttar Pradesh,Shahjahanpur,242221,1,52
16-11-2025,Uttar Pradesh,Shahjahanpur,242303,0,7
16-11-2025,Uttar Pradesh,Shahjahanpur,242401,1,33
15-11-2025,Uttar Pradesh,Shahjahanpur,242123,0,4
15-11-2025,Uttar Pradesh,Shahjahanpur,242226,0,5
15-11-2025,Uttar Pradesh,Shahjahanpur,242301,4,92
15-11-2025,Uttar Pradesh,Shahjahanpur,242406,1,25
17-11-2025,Uttar Pradesh,Shahjahanpur,242220,1,7
17-11-2025,Uttar Pradesh,Shahjahanpur,242223,1,30
17-11-2025,Uttar Pradesh,Shahjahanpur,242307,2,126
17-11-2025,Uttar Pradesh,Shahjahanpur,242405,0,39
18-11-2025,Uttar Pradesh,Shahjahanpur,242220,1,11
18-11-2025,Uttar Pradesh,Shahjahanpur,242226,1,7
18-11-2025,Uttar Pradesh,Shahjahanpur,242305,2,50
18-11-2025,Uttar Pradesh,Shahjahanpur,242306,1,38
19-11-2025,Uttar Pradesh,Shahjahanpur,242220,1,14
19-11-2025,Uttar Pradesh,Shahjahanpur,242223,1,24
20-11-2025,Uttar Pradesh,Shahjahanpur,242042,3,42
20-11-2025,Uttar Pradesh,Shahjahanpur,242123,0,7
20-11-2025,Uttar Pradesh,Shahjahanpur,242127,7,52
01-11-2025,Uttar Pradesh,Shahjahanpur,242042,2,54
02-11-2025,Uttar Pradesh,Shahjahanpur,242220,0,6
02-11-2025,Uttar Pradesh,Shahjahanpur,242221,5,30
02-11-2025,Uttar Pradesh,Shahjahanpur,242303,2,16
03-11-2025,Uttar Pradesh,Shahjahanpur,242301,0,60
03-11-2025,Uttar Pradesh,Shahjahanpur,242401,9,98
03-11-2025,Uttar Pradesh,Shahjahanpur,242405,1,37
31-10-2025,Uttar Pradesh,Shahjahanpur,242306,3,23
31-10-2025,Uttar Pradesh,Shahjahanpur,242401,8,99
25-11-2025,Uttar Pradesh,Shahjahanpur,242127,0,54
25-11-2025,Uttar Pradesh,Shahjahanpur,242305,1,49
24-11-2025,Uttar Pradesh,Shahjahanpur,242001,16,342
24-11-2025,Uttar Pradesh,Shahjahanpur,242123,0,6
24-11-2025,Uttar Pradesh,Shahjahanpur,242127,5,43
24-11-2025,Uttar Pradesh,Shahjahanpur,242220,0,8
24-11-2025,Uttar Pradesh,Shahjahanpur,242303,1,30
24-11-2025,Uttar Pradesh,Shahjahanpur,242305,1,24
01-12-2025,Uttar Pradesh,Shahjahanpur,242221,4,145
01-12-2025,Uttar Pradesh,Shahjahanpur,242406,2,28
30-10-2025,Uttar Pradesh,Shahjahanpur,242123,0,7
29-10-2025,Uttar Pradesh,Shahjahanpur,242042,5,56
29-10-2025,Uttar Pradesh,Shahjahanpur,242123,0,5
29-10-2025,Uttar Pradesh,Shahjahanpur,242127,4,89
29-10-2025,Uttar Pradesh,Shahjahanpur,242220,0,18
29-10-2025,Uttar Pradesh,Shahjahanpur,242301,9,86
29-10-2025,Uttar Pradesh,Shahjahanpur,242405,4,29
29-10-2025,Uttar Pradesh,Shahjahanpur,242407,2,73
22-11-2025,Uttar Pradesh,Shahjahanpur,242221,3,60
22-11-2025,Uttar Pradesh,Shahjahanpur,242306,2,33
23-11-2025,Uttar Pradesh,Shahjahanpur,242226,0,3
23-11-2025,Uttar Pradesh,Shahjahanpur,242401,2,37
23-11-2025,Uttar Pradesh,Shahjahanpur,242406,0,15
26-11-2025,Uttar Pradesh,Shahjahanpur,242042,0,64
26-11-2025,Uttar Pradesh,Shahjahanpur,242127,3,70
26-11-2025,Uttar Pradesh,Shahjahanpur,242226,0,7
26-11-2025,Uttar Pradesh,Shahjahanpur,242305,5,36
26-11-2025,Uttar Pradesh,Shahjahanpur,242306,0,37
02-12-2025,Uttar Pradesh,Shahjahanpur,242042,2,61
02-12-2025,Uttar Pradesh,Shahjahanpur,242221,4,103
02-12-2025,Uttar Pradesh,Shahjahanpur,242303,2,27
02-12-2025,Uttar Pradesh,Shahjahanpur,242406,2,14
27-11-2025,Uttar Pradesh,Shahjahanpur,242127,4,72
27-11-2025,Uttar Pradesh,Shahjahanpur,242226,1,11
27-11-2025,Uttar Pradesh,Shahjahanpur,242301,7,105
27-11-2025,Uttar Pradesh,Shahjahanpur,242305,2,55
28-11-2025,Uttar Pradesh,Shahjahanpur,242042,5,70
28-11-2025,Uttar Pradesh,Shahjahanpur,242303,3,43
28-11-2025,Uttar Pradesh,Shahjahanpur,242306,3,47
28-11-2025,Uttar Pradesh,Shahjahanpur,242401,3,63
29-11-2025,Uttar Pradesh,Shahjahanpur,242001,18,440
29-11-2025,Uttar Pradesh,Shahjahanpur,242303,2,27
30-11-2025,Uttar Pradesh,Shahjahanpur,242042,1,27
30-11-2025,Uttar Pradesh,Shahjahanpur,242223,0,2
30-11-2025,Uttar Pradesh,Shahjahanpur,242305,1,33
16-10-2025,Uttar Pradesh,Shahjahanpur,242123,0,4
16-10-2025,Uttar Pradesh,Shahjahanpur,242220,2,24
17-10-2025,Uttar Pradesh,Shahjahanpur,242303,3,36
17-10-2025,Uttar Pradesh,Shahjahanpur,242305,3,25
17-10-2025,Uttar Pradesh,Shahjahanpur,242407,4,44
18-10-2025,Uttar Pradesh,Shahjahanpur,242001,16,154
18-10-2025,Uttar Pradesh,Shahjahanpur,242123,2,1
18-10-2025,Uttar Pradesh,Shahjahanpur,242127,5,50
18-10-2025,Uttar Pradesh,Shahjahanpur,242220,3,14
18-10-2025,Uttar Pradesh,Shahjahanpur,242223,3,16
18-10-2025,Uttar Pradesh,Shahjahanpur,242226,1,5
19-10-2025,Uttar Pradesh,Shahjahanpur,242042,2,30
19-10-2025,Uttar Pradesh,Shahjahanpur,242301,7,33
19-10-2025,Uttar Pradesh,Shahjahanpur,242306,0,16
25-10-2025,Uttar Pradesh,Shahjahanpur,242123,0,5
25-10-2025,Uttar Pradesh,Shahjahanpur,242226,1,4
27-10-2025,Uttar Pradesh,Shahjahanpur,242123,0,5
27-10-2025,Uttar Pradesh,Shahjahanpur,242221,10,63
27-10-2025,Uttar Pradesh,Shahjahanpur,242226,1,3
27-10-2025,Uttar Pradesh,Shahjahanpur,242401,4,47
26-10-2025,Uttar Pradesh,Shahjahanpur,242001,26,326
26-10-2025,Uttar Pradesh,Shahjahanpur,242223,0,24
26-10-2025,Uttar Pradesh,Shahjahanpur,242303,6,63
20-10-2025,Uttar Pradesh,Shahjahanpur,242042,3,8
20-10-2025,Uttar Pradesh,Shahjahanpur,242220,0,1
20-10-2025,Uttar Pradesh,Shahjahanpur,242221,0,18
20-10-2025,Uttar Pradesh,Shahjahanpur,242223,0,2
20-10-2025,Uttar Pradesh,Shahjahanpur,242305,1,7
20-10-2025,Uttar Pradesh,Shahjahanpur,242307,1,11
20-10-2025,Uttar Pradesh,Shahjahanpur,242401,0,12
21-10-2025,Uttar Pradesh,Shahjahanpur,242001,6,47
21-10-2025,Uttar Pradesh,Shahjahanpur,242223,1,4
21-10-2025,Uttar Pradesh,Shahjahanpur,242301,1,6
21-10-2025,Uttar Pradesh,Shahjahanpur,242303,1,7
21-10-2025,Uttar Pradesh,Shahjahanpur,242307,0,7
21-10-2025,Uttar Pradesh,Shahjahanpur,242405,1,3
23-10-2025,Uttar Pradesh,Shahjahanpur,242223,0,1
23-10-2025,Uttar Pradesh,Shahjahanpur,242401,1,3
23-10-2025,Uttar Pradesh,Shahjahanpur,242407,0,4
22-10-2025,Uttar Pradesh,Shahjahanpur,242407,0,2
24-10-2025,Uttar Pradesh,Shahjahanpur,242042,8,49
24-10-2025,Uttar Pradesh,Shahjahanpur,242127,6,50
24-10-2025,Uttar Pradesh,Shahjahanpur,242221,15,99
24-10-2025,Uttar Pradesh,Shahjahanpur,242307,5,65
24-10-2025,Uttar Pradesh,Shahjahanpur,242407,3,43
28-10-2025,Uttar Pradesh,Shahjahanpur,242001,19,250
28-10-2025,Uttar Pradesh,Shahjahanpur,242123,0,8
28-10-2025,Uttar Pradesh,Shahjahanpur,242406,2,42
16-11-2025,Uttar Pradesh,Shahjahanpur,242226,1,1
01-03-2025,Uttar Pradesh,Shahjahanpur,242401,154,2705
01-03-2025,Uttar Pradesh,Shahjahanpur,242301,156,2050
01-03-2025,Uttar Pradesh,Shahjahanpur,242226,10,102
01-03-2025,Uttar Pradesh,Shahjahanpur,242042,121,1562
01-03-2025,Uttar Pradesh,Shahjahanpur,242221,260,3707
01-03-2025,Uttar Pradesh,Shahjahanpur,242001,548,8443
01-03-2025,Uttar Pradesh,Shahjahanpur,242307,143,2194
01-09-2025,Uttar Pradesh,Shahjahanpur,242001,56,346
01-09-2025,Uttar Pradesh,Shahjahanpur,242221,49,162
02-09-2025,Uttar Pradesh,Shahjahanpur,242226,1,2
02-09-2025,Uttar Pradesh,Shahjahanpur,242301,11,62
02-09-2025,Uttar Pradesh,Shahjahanpur,242405,4,29
02-09-2025,Uttar Pradesh,Shahjahanpur,242407,14,46
03-09-2025,Uttar Pradesh,Shahjahanpur,242001,61,304
03-09-2025,Uttar Pradesh,Shahjahanpur,242042,19,88
03-09-2025,Uttar Pradesh,Shahjahanpur,242301,15,72
05-09-2025,Uttar Pradesh,Shahjahanpur,242127,20,79
05-09-2025,Uttar Pradesh,Shahjahanpur,242306,6,15
04-09-2025,Uttar Pradesh,Shahjahanpur,242127,33,101
04-09-2025,Uttar Pradesh,Shahjahanpur,242221,49,200
04-09-2025,Uttar Pradesh,Shahjahanpur,242226,2,5
04-09-2025,Uttar Pradesh,Shahjahanpur,242406,14,52
07-09-2025,Uttar Pradesh,Shahjahanpur,242042,6,36
07-09-2025,Uttar Pradesh,Shahjahanpur,242123,2,2
06-09-2025,Uttar Pradesh,Shahjahanpur,242123,0,2
06-09-2025,Uttar Pradesh,Shahjahanpur,242127,26,97
06-09-2025,Uttar Pradesh,Shahjahanpur,242401,16,91
06-09-2025,Uttar Pradesh,Shahjahanpur,242406,7,29
09-09-2025,Uttar Pradesh,Shahjahanpur,242001,44,359
09-09-2025,Uttar Pradesh,Shahjahanpur,242123,2,12
10-09-2025,Uttar Pradesh,Shahjahanpur,242042,27,82
10-09-2025,Uttar Pradesh,Shahjahanpur,242303,11,76
10-09-2025,Uttar Pradesh,Shahjahanpur,242305,10,42
10-09-2025,Uttar Pradesh,Shahjahanpur,242306,11,51
11-09-2025,Uttar Pradesh,Shahjahanpur,242001,58,349
11-09-2025,Uttar Pradesh,Shahjahanpur,242301,15,77
11-09-2025,Uttar Pradesh,Shahjahanpur,242305,9,33
13-09-2025,Uttar Pradesh,Shahjahanpur,242123,1,5
13-09-2025,Uttar Pradesh,Shahjahanpur,242221,33,119
13-09-2025,Uttar Pradesh,Shahjahanpur,242223,3,20
13-09-2025,Uttar Pradesh,Shahjahanpur,242305,5,37
13-09-2025,Uttar Pradesh,Shahjahanpur,242307,6,43
13-09-2025,Uttar Pradesh,Shahjahanpur,242406,5,32
12-09-2025,Uttar Pradesh,Shahjahanpur,242042,6,73
12-09-2025,Uttar Pradesh,Shahjahanpur,242226,2,7
12-09-2025,Uttar Pradesh,Shahjahanpur,242301,20,88
14-09-2025,Uttar Pradesh,Shahjahanpur,242301,5,30
14-09-2025,Uttar Pradesh,Shahjahanpur,242306,2,17
16-09-2025,Uttar Pradesh,Shahjahanpur,242123,0,1
16-09-2025,Uttar Pradesh,Shahjahanpur,242221,23,117
16-09-2025,Uttar Pradesh,Shahjahanpur,242226,3,4
16-09-2025,Uttar Pradesh,Shahjahanpur,242303,6,49
16-09-2025,Uttar Pradesh,Shahjahanpur,242306,5,24
16-09-2025,Uttar Pradesh,Shahjahanpur,242401,14,110
16-09-2025,Uttar Pradesh,Shahjahanpur,242405,5,43
17-09-2025,Uttar Pradesh,Shahjahanpur,242042,11,58
17-09-2025,Uttar Pradesh,Shahjahanpur,242221,20,134
17-09-2025,Uttar Pradesh,Shahjahanpur,242303,14,62
17-09-2025,Uttar Pradesh,Shahjahanpur,242306,1,28
17-09-2025,Uttar Pradesh,Shahjahanpur,242405,6,57
18-09-2025,Uttar Pradesh,Shahjahanpur,242221,22,145
18-09-2025,Uttar Pradesh,Shahjahanpur,242301,8,50
18-09-2025,Uttar Pradesh,Shahjahanpur,242305,1,22
18-09-2025,Uttar Pradesh,Shahjahanpur,242407,3,43
19-09-2025,Uttar Pradesh,Shahjahanpur,242221,29,125
19-09-2025,Uttar Pradesh,Shahjahanpur,242226,0,5
19-09-2025,Uttar Pradesh,Shahjahanpur,242301,14,56
19-09-2025,Uttar Pradesh,Shahjahanpur,242303,5,39
19-09-2025,Uttar Pradesh,Shahjahanpur,242407,11,63
20-09-2025,Uttar Pradesh,Shahjahanpur,242127,6,70
20-09-2025,Uttar Pradesh,Shahjahanpur,242303,8,38
20-09-2025,Uttar Pradesh,Shahjahanpur,242306,7,22
13-10-2025,Uttar Pradesh,Shahjahanpur,242001,6,136
13-10-2025,Uttar Pradesh,Shahjahanpur,242042,1,20
13-10-2025,Uttar Pradesh,Shahjahanpur,242223,1,14
13-10-2025,Uttar Pradesh,Shahjahanpur,242306,0,12
13-10-2025,Uttar Pradesh,Shahjahanpur,242307,2,30
13-10-2025,Uttar Pradesh,Shahjahanpur,242407,4,30
15-10-2025,Uttar Pradesh,Shahjahanpur,242127,7,63
15-10-2025,Uttar Pradesh,Shahjahanpur,242223,1,21
11-12-2025,Uttar Pradesh,Shahjahanpur,242301,3,73
11-12-2025,Uttar Pradesh,Shahjahanpur,242405,1,37
04-12-2025,Uttar Pradesh,Shahjahanpur,242123,1,3
04-12-2025,Uttar Pradesh,Shahjahanpur,242221,5,109
04-12-2025,Uttar Pradesh,Shahjahanpur,242226,0,4
04-12-2025,Uttar Pradesh,Shahjahanpur,242301,7,90
04-12-2025,Uttar Pradesh,Shahjahanpur,242306,3,27
04-12-2025,Uttar Pradesh,Shahjahanpur,242401,4,96
04-12-2025,Uttar Pradesh,Shahjahanpur,242406,1,24
06-12-2025,Uttar Pradesh,Shahjahanpur,242127,1,58
06-12-2025,Uttar Pradesh,Shahjahanpur,242226,0,6
06-12-2025,Uttar Pradesh,Shahjahanpur,242305,1,50
05-12-2025,Uttar Pradesh,Shahjahanpur,242042,0,50
05-12-2025,Uttar Pradesh,Shahjahanpur,242220,0,11
05-12-2025,Uttar Pradesh,Shahjahanpur,242226,0,3
05-12-2025,Uttar Pradesh,Shahjahanpur,242401,14,84
05-12-2025,Uttar Pradesh,Shahjahanpur,242405,2,25
05-12-2025,Uttar Pradesh,Shahjahanpur,242406,1,22
12-12-2025,Uttar Pradesh,Shahjahanpur,242123,0,9
12-12-2025,Uttar Pradesh,Shahjahanpur,242303,0,39
12-12-2025,Uttar Pradesh,Shahjahanpur,242405,2,37
12-12-2025,Uttar Pradesh,Shahjahanpur,242406,6,22
12-12-2025,Uttar Pradesh,Shahjahanpur,242407,5,71
03-12-2025,Uttar Pradesh,Shahjahanpur,242223,0,12
03-12-2025,Uttar Pradesh,Shahjahanpur,242226,0,3
07-12-2025,Uttar Pradesh,Shahjahanpur,242223,0,5
07-12-2025,Uttar Pradesh,Shahjahanpur,242301,2,37
07-12-2025,Uttar Pradesh,Shahjahanpur,242306,0,12
07-12-2025,Uttar Pradesh,Shahjahanpur,242307,4,54
07-12-2025,Uttar Pradesh,Shahjahanpur,242406,1,26
07-12-2025,Uttar Pradesh,Shahjahanpur,242407,2,39
05-11-2025,Uttar Pradesh,Shahjahanpur,242127,1,27
05-11-2025,Uttar Pradesh,Shahjahanpur,242223,0,15
05-11-2025,Uttar Pradesh,Shahjahanpur,242226,0,1
05-11-2025,Uttar Pradesh,Shahjahanpur,242306,0,20
05-11-2025,Uttar Pradesh,Shahjahanpur,242307,0,45
04-11-2025,Uttar Pradesh,Shahjahanpur,242221,6,108
04-11-2025,Uttar Pradesh,Shahjahanpur,242301,1,59
04-11-2025,Uttar Pradesh,Shahjahanpur,242303,3,32
06-11-2025,Uttar Pradesh,Shahjahanpur,242220,0,8
06-11-2025,Uttar Pradesh,Shahjahanpur,242307,8,91
29-12-2025,Uttar Pradesh,Shahjahanpur,242001,11,280
29-12-2025,Uttar Pradesh,Shahjahanpur,242042,5,43
29-12-2025,Uttar Pradesh,Shahjahanpur,242301,5,69
29-12-2025,Uttar Pradesh,Shahjahanpur,242303,0,33
29-12-2025,Uttar Pradesh,Shahjahanpur,242305,1,29
29-12-2025,Uttar Pradesh,Shahjahanpur,242407,3,34
01-01-2026,Uttar Pradesh,Shahjahanpur,242001,10,216
01-01-2026,Uttar Pradesh,Shahjahanpur,242220,1,4
01-01-2026,Uttar Pradesh,Shahjahanpur,242221,4,90
01-01-2026,Uttar Pradesh,Shahjahanpur,242305,0,23
01-01-2026,Uttar Pradesh,Shahjahanpur,242401,5,52
01-01-2026,Uttar Pradesh,Shahjahanpur,242407,0,42
02-01-2026,Uttar Pradesh,Shahjahanpur,242042,2,43
02-01-2026,Uttar Pradesh,Shahjahanpur,242220,0,8
02-01-2026,Uttar Pradesh,Shahjahanpur,242307,6,41
02-01-2026,Uttar Pradesh,Shahjahanpur,242401,7,38
28-12-2025,Uttar Pradesh,Shahjahanpur,242221,9,74
28-12-2025,Uttar Pradesh,Shahjahanpur,242301,3,44
28-12-2025,Uttar Pradesh,Shahjahanpur,242305,2,13
28-12-2025,Uttar Pradesh,Shahjahanpur,242307,2,50
31-12-2025,Uttar Pradesh,Shahjahanpur,242221,8,90
31-12-2025,Uttar Pradesh,Shahjahanpur,242307,7,51
31-12-2025,Uttar Pradesh,Shahjahanpur,242406,1,31
03-01-2026,Uttar Pradesh,Shahjahanpur,242123,1,0
23-12-2025,Uttar Pradesh,Shahjahanpur,242042,3,57
23-12-2025,Uttar Pradesh,Shahjahanpur,242123,0,4
23-12-2025,Uttar Pradesh,Shahjahanpur,242301,3,75
23-12-2025,Uttar Pradesh,Shahjahanpur,242401,5,94
23-12-2025,Uttar Pradesh,Shahjahanpur,242405,1,38
24-12-2025,Uttar Pradesh,Shahjahanpur,242226,0,3
24-12-2025,Uttar Pradesh,Shahjahanpur,242401,5,78
25-12-2025,Uttar Pradesh,Shahjahanpur,242123,0,4
25-12-2025,Uttar Pradesh,Shahjahanpur,242301,2,34
25-12-2025,Uttar Pradesh,Shahjahanpur,242307,2,66
26-12-2025,Uttar Pradesh,Shahjahanpur,242306,0,35
26-12-2025,Uttar Pradesh,Shahjahanpur,242405,0,26
27-12-2025,Uttar Pradesh,Shahjahanpur,242221,5,102
27-12-2025,Uttar Pradesh,Shahjahanpur,242305,2,24
27-12-2025,Uttar Pradesh,Shahjahanpur,242401,9,71
27-12-2025,Uttar Pradesh,Shahjahanpur,242407,3,34
18-12-2025,Uttar Pradesh,Shahjahanpur,242042,1,50
18-12-2025,Uttar Pradesh,Shahjahanpur,242221,10,102
19-12-2025,Uttar Pradesh,Shahjahanpur,242220,2,6
19-12-2025,Uttar Pradesh,Shahjahanpur,242226,0,4
19-12-2025,Uttar Pradesh,Shahjahanpur,242303,2,15
19-12-2025,Uttar Pradesh,Shahjahanpur,242406,3,6
20-12-2025,Uttar Pradesh,Shahjahanpur,242220,0,9
20-12-2025,Uttar Pradesh,Shahjahanpur,242221,12,90
21-12-2025,Uttar Pradesh,Shahjahanpur,242042,0,6
21-12-2025,Uttar Pradesh,Shahjahanpur,242221,1,32
21-12-2025,Uttar Pradesh,Shahjahanpur,242223,0,1
21-12-2025,Uttar Pradesh,Shahjahanpur,242307,2,19
21-12-2025,Uttar Pradesh,Shahjahanpur,242405,0,6
21-12-2025,Uttar Pradesh,Shahjahanpur,242406,0,13
21-12-2025,Uttar Pradesh,Shahjahanpur,242407,0,17
22-12-2025,Uttar Pradesh,Shahjahanpur,242123,0,4
22-12-2025,Uttar Pradesh,Shahjahanpur,242226,0,3
14-12-2025,Uttar Pradesh,Shahjahanpur,242221,4,49
14-12-2025,Uttar Pradesh,Shahjahanpur,242305,1,17
13-12-2025,Uttar Pradesh,Shahjahanpur,242042,1,42
13-12-2025,Uttar Pradesh,Shahjahanpur,242401,6,75
13-12-2025,Uttar Pradesh,Shahjahanpur,242405,2,33
15-12-2025,Uttar Pradesh,Shahjahanpur,242226,1,4
15-12-2025,Uttar Pradesh,Shahjahanpur,242301,2,75
15-12-2025,Uttar Pradesh,Shahjahanpur,242303,2,49
15-12-2025,Uttar Pradesh,Shahjahanpur,242401,6,81
17-12-2025,Uttar Pradesh,Shahjahanpur,242220,3,10
17-12-2025,Uttar Pradesh,Shahjahanpur,242307,6,83
17-12-2025,Uttar Pradesh,Shahjahanpur,242405,3,20
17-12-2025,Uttar Pradesh,Shahjahanpur,242407,3,47
16-12-2025,Uttar Pradesh,Shahjahanpur,242220,0,12
16-12-2025,Uttar Pradesh,Shahjahanpur,242305,2,27
09-12-2025,Uttar Pradesh,Shahjahanpur,242220,1,10
09-12-2025,Uttar Pradesh,Shahjahanpur,242226,0,6
09-12-2025,Uttar Pradesh,Shahjahanpur,242301,3,88
09-12-2025,Uttar Pradesh,Shahjahanpur,242303,3,33
09-12-2025,Uttar Pradesh,Shahjahanpur,242407,7,75
08-12-2025,Uttar Pradesh,Shahjahanpur,242042,5,64
08-12-2025,Uttar Pradesh,Shahjahanpur,242223,1,27
08-12-2025,Uttar Pradesh,Shahjahanpur,242226,1,5
08-12-2025,Uttar Pradesh,Shahjahanpur,242301,6,83
08-12-2025,Uttar Pradesh,Shahjahanpur,242305,4,35
08-12-2025,Uttar Pradesh,Shahjahanpur,242306,2,40
08-12-2025,Uttar Pradesh,Shahjahanpur,242407,6,70
10-12-2025,Uttar Pradesh,Shahjahanpur,242042,9,58
10-12-2025,Uttar Pradesh,Shahjahanpur,242406,0,39
08-11-2025,Uttar Pradesh,Shahjahanpur,242123,0,7
08-11-2025,Uttar Pradesh,Shahjahanpur,242221,6,94
08-11-2025,Uttar Pradesh,Shahjahanpur,242303,1,21
08-11-2025,Uttar Pradesh,Shahjahanpur,242305,1,33
08-11-2025,Uttar Pradesh,Shahjahanpur,242307,4,66
10-11-2025,Uttar Pradesh,Shahjahanpur,242001,15,287
10-11-2025,Uttar Pradesh,Shahjahanpur,242127,2,63
10-11-2025,Uttar Pradesh,Shahjahanpur,242221,4,104
10-11-2025,Uttar Pradesh,Shahjahanpur,242306,2,26
10-11-2025,Uttar Pradesh,Shahjahanpur,242405,1,26
09-11-2025,Uttar Pradesh,Shahjahanpur,242303,0,15
09-11-2025,Uttar Pradesh,Shahjahanpur,242305,3,11
09-11-2025,Uttar Pradesh,Shahjahanpur,242405,0,16
09-11-2025,Uttar Pradesh,Shahjahanpur,242407,1,29
16-11-2025,Uttar Pradesh,Shahjahanpur,242123,0,1
16-11-2025,Uttar Pradesh,Shahjahanpur,242307,1,64
16-11-2025,Uttar Pradesh,Shahjahanpur,242406,0,6
15-11-2025,Uttar Pradesh,Shahjahanpur,242001,23,396
15-11-2025,Uttar Pradesh,Shahjahanpur,242223,2,25
15-11-2025,Uttar Pradesh,Shahjahanpur,242401,3,45
18-11-2025,Uttar Pradesh,Shahjahanpur,242127,3,71
19-11-2025,Uttar Pradesh,Shahjahanpur,242001,20,573
19-11-2025,Uttar Pradesh,Shahjahanpur,242226,0,6
14-11-2025,Uttar Pradesh,Shahjahanpur,242307,5,120
14-11-2025,Uttar Pradesh,Shahjahanpur,242401,2,57
13-11-2025,Uttar Pradesh,Shahjahanpur,242123,1,2
13-11-2025,Uttar Pradesh,Shahjahanpur,242221,4,112
20-11-2025,Uttar Pradesh,Shahjahanpur,242301,7,89
20-11-2025,Uttar Pradesh,Shahjahanpur,242303,0,30
07-11-2025,Uttar Pradesh,Shahjahanpur,242042,0,39
07-11-2025,Uttar Pradesh,Shahjahanpur,242123,0,3
07-11-2025,Uttar Pradesh,Shahjahanpur,242127,4,68
07-11-2025,Uttar Pradesh,Shahjahanpur,242223,0,23
07-11-2025,Uttar Pradesh,Shahjahanpur,242303,3,43
07-11-2025,Uttar Pradesh,Shahjahanpur,242305,0,26
07-11-2025,Uttar Pradesh,Shahjahanpur,242405,2,22
11-11-2025,Uttar Pradesh,Shahjahanpur,242221,3,117
12-11-2025,Uttar Pradesh,Shahjahanpur,242001,24,308
12-11-2025,Uttar Pradesh,Shahjahanpur,242221,7,100
12-11-2025,Uttar Pradesh,Shahjahanpur,242303,2,46
12-11-2025,Uttar Pradesh,Shahjahanpur,242307,9,113
12-11-2025,Uttar Pradesh,Shahjahanpur,242401,12,74
12-11-2025,Uttar Pradesh,Shahjahanpur,242405,1,34
17-11-2025,Uttar Pradesh,Shahjahanpur,242001,15,494
17-11-2025,Uttar Pradesh,Shahjahanpur,242042,3,59
17-11-2025,Uttar Pradesh,Shahjahanpur,242221,8,132
17-11-2025,Uttar Pradesh,Shahjahanpur,242306,2,39
21-11-2025,Uttar Pradesh,Shahjahanpur,242220,0,10
21-11-2025,Uttar Pradesh,Shahjahanpur,242223,0,11
21-11-2025,Uttar Pradesh,Shahjahanpur,242305,2,28
21-11-2025,Uttar Pradesh,Shahjahanpur,242401,5,55
02-11-2025,Uttar Pradesh,Shahjahanpur,242042,1,15
02-11-2025,Uttar Pradesh,Shahjahanpur,242123,0,2
02-11-2025,Uttar Pradesh,Shahjahanpur,242301,2,22
02-11-2025,Uttar Pradesh,Shahjahanpur,242405,1,14
02-11-2025,Uttar Pradesh,Shahjahanpur,242406,0,14
03-11-2025,Uttar Pradesh,Shahjahanpur,242123,1,9
03-11-2025,Uttar Pradesh,Shahjahanpur,242223,1,37
03-11-2025,Uttar Pradesh,Shahjahanpur,242305,2,46
31-10-2025,Uttar Pradesh,Shahjahanpur,242123,1,6
31-10-2025,Uttar Pradesh,Shahjahanpur,242220,0,11
31-10-2025,Uttar Pradesh,Shahjahanpur,242226,0,3
31-10-2025,Uttar Pradesh,Shahjahanpur,242407,5,64
25-11-2025,Uttar Pradesh,Shahjahanpur,242001,10,484
25-11-2025,Uttar Pradesh,Shahjahanpur,242221,3,96
24-11-2025,Uttar Pradesh,Shahjahanpur,242226,0,7
24-11-2025,Uttar Pradesh,Shahjahanpur,242307,2,55
24-11-2025,Uttar Pradesh,Shahjahanpur,242401,2,58
01-11-2025,Uttar Pradesh,Shahjahanpur,242001,21,324
01-11-2025,Uttar Pradesh,Shahjahanpur,242303,3,21
01-11-2025,Uttar Pradesh,Shahjahanpur,242305,1,15
01-11-2025,Uttar Pradesh,Shahjahanpur,242307,7,75
30-10-2025,Uttar Pradesh,Shahjahanpur,242220,0,7
30-10-2025,Uttar Pradesh,Shahjahanpur,242303,2,42
30-10-2025,Uttar Pradesh,Shahjahanpur,242306,2,27
30-10-2025,Uttar Pradesh,Shahjahanpur,242405,2,42
30-10-2025,Uttar Pradesh,Shahjahanpur,242406,1,32
29-10-2025,Uttar Pradesh,Shahjahanpur,242223,0,32
29-10-2025,Uttar Pradesh,Shahjahanpur,242307,6,99
22-11-2025,Uttar Pradesh,Shahjahanpur,242042,1,29
22-11-2025,Uttar Pradesh,Shahjahanpur,242303,0,12
22-11-2025,Uttar Pradesh,Shahjahanpur,242305,1,16
22-11-2025,Uttar Pradesh,Shahjahanpur,242307,3,42
22-11-2025,Uttar Pradesh,Shahjahanpur,242401,0,26
23-11-2025,Uttar Pradesh,Shahjahanpur,242123,0,4
23-11-2025,Uttar Pradesh,Shahjahanpur,242307,1,62
26-11-2025,Uttar Pradesh,Shahjahanpur,242221,3,113
26-11-2025,Uttar Pradesh,Shahjahanpur,242223,1,18
01-12-2025,Uttar Pradesh,Shahjahanpur,242127,2,56
01-12-2025,Uttar Pradesh,Shahjahanpur,242223,1,30
01-12-2025,Uttar Pradesh,Shahjahanpur,242305,3,44
01-12-2025,Uttar Pradesh,Shahjahanpur,242307,6,111
01-12-2025,Uttar Pradesh,Shahjahanpur,242401,2,96
02-12-2025,Uttar Pradesh,Shahjahanpur,242123,0,6
02-12-2025,Uttar Pradesh,Shahjahanpur,242127,4,65
02-12-2025,Uttar Pradesh,Shahjahanpur,242301,3,83
02-12-2025,Uttar Pradesh,Shahjahanpur,242306,3,36
02-12-2025,Uttar Pradesh,Shahjahanpur,242307,0,110
02-12-2025,Uttar Pradesh,Shahjahanpur,242407,4,69
28-11-2025,Uttar Pradesh,Shahjahanpur,242001,22,458
28-11-2025,Uttar Pradesh,Shahjahanpur,242127,7,60
28-11-2025,Uttar Pradesh,Shahjahanpur,242307,9,107
28-11-2025,Uttar Pradesh,Shahjahanpur,242405,1,39
27-11-2025,Uttar Pradesh,Shahjahanpur,242042,0,77
27-11-2025,Uttar Pradesh,Shahjahanpur,242306,3,36
27-11-2025,Uttar Pradesh,Shahjahanpur,242406,3,25
27-11-2025,Uttar Pradesh,Shahjahanpur,242407,10,72
29-11-2025,Uttar Pradesh,Shahjahanpur,242301,1,109
29-11-2025,Uttar Pradesh,Shahjahanpur,242306,6,42
29-11-2025,Uttar Pradesh,Shahjahanpur,242405,1,35
29-11-2025,Uttar Pradesh,Shahjahanpur,242407,4,63
30-11-2025,Uttar Pradesh,Shahjahanpur,242001,8,208
30-11-2025,Uttar Pradesh,Shahjahanpur,242303,1,25
